ISO-10303-21;
HEADER;
/* Generated by software containing ST-Developer
 * from STEP Tools, Inc. (www.steptools.com) 
 */

FILE_DESCRIPTION(
/* description */ ('KiCad electronic assembly'),
/* implementation_level */ '2;1');

FILE_NAME(
/* name */ 'Drink! top.step',
/* time_stamp */ '2026-08-20T17:32:23-07:00',
/* author */ (''),
/* organization */ (''),
/* preprocessor_version */ 'ST-DEVELOPER v20.1',
/* originating_system */ 'Autodesk Translation Framework v15.8.0.0',
/* authorisation */ '');

FILE_SCHEMA (('AUTOMOTIVE_DESIGN { 1 0 10303 214 3 1 1 }'));
ENDSEC;

DATA;
#10=MECHANICAL_DESIGN_GEOMETRIC_PRESENTATION_REPRESENTATION('',(#13),#2316);
#11=SHAPE_REPRESENTATION_RELATIONSHIP('SRR','None',#2322,#12);
#12=ADVANCED_BREP_SHAPE_REPRESENTATION('',(#14),#2315);
#13=STYLED_ITEM('',(#2334),#14);
#14=MANIFOLD_SOLID_BREP('Body14',#1462);
#15=CYLINDRICAL_SURFACE('',#1487,40.);
#16=CIRCLE('',#1485,39.);
#17=CIRCLE('',#1486,40.);
#18=CIRCLE('',#1488,40.);
#19=CIRCLE('',#1491,39.);
#20=CONICAL_SURFACE('',#1484,39.5,0.785398163397448);
#21=CONICAL_SURFACE('',#1490,39.5,0.785398163397448);
#22=FACE_BOUND('',#112,.T.);
#23=FACE_BOUND('',#118,.T.);
#24=FACE_BOUND('',#124,.T.);
#25=FACE_BOUND('',#130,.T.);
#26=FACE_BOUND('',#136,.T.);
#27=FACE_BOUND('',#137,.T.);
#28=FACE_BOUND('',#138,.T.);
#29=FACE_BOUND('',#139,.T.);
#30=FACE_OUTER_BOUND('',#107,.T.);
#31=FACE_OUTER_BOUND('',#108,.T.);
#32=FACE_OUTER_BOUND('',#109,.T.);
#33=FACE_OUTER_BOUND('',#110,.T.);
#34=FACE_OUTER_BOUND('',#111,.T.);
#35=FACE_OUTER_BOUND('',#113,.T.);
#36=FACE_OUTER_BOUND('',#114,.T.);
#37=FACE_OUTER_BOUND('',#115,.T.);
#38=FACE_OUTER_BOUND('',#116,.T.);
#39=FACE_OUTER_BOUND('',#117,.T.);
#40=FACE_OUTER_BOUND('',#119,.T.);
#41=FACE_OUTER_BOUND('',#120,.T.);
#42=FACE_OUTER_BOUND('',#121,.T.);
#43=FACE_OUTER_BOUND('',#122,.T.);
#44=FACE_OUTER_BOUND('',#123,.T.);
#45=FACE_OUTER_BOUND('',#125,.T.);
#46=FACE_OUTER_BOUND('',#126,.T.);
#47=FACE_OUTER_BOUND('',#127,.T.);
#48=FACE_OUTER_BOUND('',#128,.T.);
#49=FACE_OUTER_BOUND('',#129,.T.);
#50=FACE_OUTER_BOUND('',#131,.T.);
#51=FACE_OUTER_BOUND('',#132,.T.);
#52=FACE_OUTER_BOUND('',#133,.T.);
#53=FACE_OUTER_BOUND('',#134,.T.);
#54=FACE_OUTER_BOUND('',#135,.T.);
#55=FACE_OUTER_BOUND('',#140,.T.);
#56=FACE_OUTER_BOUND('',#141,.T.);
#57=FACE_OUTER_BOUND('',#142,.T.);
#58=FACE_OUTER_BOUND('',#143,.T.);
#59=FACE_OUTER_BOUND('',#144,.T.);
#60=FACE_OUTER_BOUND('',#145,.T.);
#61=FACE_OUTER_BOUND('',#146,.T.);
#62=FACE_OUTER_BOUND('',#147,.T.);
#63=FACE_OUTER_BOUND('',#148,.T.);
#64=FACE_OUTER_BOUND('',#149,.T.);
#65=FACE_OUTER_BOUND('',#150,.T.);
#66=FACE_OUTER_BOUND('',#151,.T.);
#67=FACE_OUTER_BOUND('',#152,.T.);
#68=FACE_OUTER_BOUND('',#153,.T.);
#69=FACE_OUTER_BOUND('',#154,.T.);
#70=FACE_OUTER_BOUND('',#155,.T.);
#71=FACE_OUTER_BOUND('',#156,.T.);
#72=FACE_OUTER_BOUND('',#157,.T.);
#73=FACE_OUTER_BOUND('',#158,.T.);
#74=FACE_OUTER_BOUND('',#159,.T.);
#75=FACE_OUTER_BOUND('',#160,.T.);
#76=FACE_OUTER_BOUND('',#161,.T.);
#77=FACE_OUTER_BOUND('',#162,.T.);
#78=FACE_OUTER_BOUND('',#163,.T.);
#79=FACE_OUTER_BOUND('',#164,.T.);
#80=FACE_OUTER_BOUND('',#165,.T.);
#81=FACE_OUTER_BOUND('',#166,.T.);
#82=FACE_OUTER_BOUND('',#167,.T.);
#83=FACE_OUTER_BOUND('',#168,.T.);
#84=FACE_OUTER_BOUND('',#169,.T.);
#85=FACE_OUTER_BOUND('',#170,.T.);
#86=FACE_OUTER_BOUND('',#171,.T.);
#87=FACE_OUTER_BOUND('',#172,.T.);
#88=FACE_OUTER_BOUND('',#173,.T.);
#89=FACE_OUTER_BOUND('',#174,.T.);
#90=FACE_OUTER_BOUND('',#175,.T.);
#91=FACE_OUTER_BOUND('',#176,.T.);
#92=FACE_OUTER_BOUND('',#177,.T.);
#93=FACE_OUTER_BOUND('',#178,.T.);
#94=FACE_OUTER_BOUND('',#179,.T.);
#95=FACE_OUTER_BOUND('',#180,.T.);
#96=FACE_OUTER_BOUND('',#181,.T.);
#97=FACE_OUTER_BOUND('',#182,.T.);
#98=FACE_OUTER_BOUND('',#183,.T.);
#99=FACE_OUTER_BOUND('',#184,.T.);
#100=FACE_OUTER_BOUND('',#185,.T.);
#101=FACE_OUTER_BOUND('',#186,.T.);
#102=FACE_OUTER_BOUND('',#187,.T.);
#103=FACE_OUTER_BOUND('',#188,.T.);
#104=FACE_OUTER_BOUND('',#189,.T.);
#105=FACE_OUTER_BOUND('',#190,.T.);
#106=FACE_OUTER_BOUND('',#191,.T.);
#107=EDGE_LOOP('',(#913,#914,#915,#916));
#108=EDGE_LOOP('',(#917,#918,#919,#920));
#109=EDGE_LOOP('',(#921,#922,#923,#924));
#110=EDGE_LOOP('',(#925,#926,#927,#928));
#111=EDGE_LOOP('',(#929,#930,#931,#932));
#112=EDGE_LOOP('',(#933,#934,#935,#936,#937,#938,#939,#940,#941,#942,#943,
#944));
#113=EDGE_LOOP('',(#945,#946,#947,#948));
#114=EDGE_LOOP('',(#949,#950,#951,#952));
#115=EDGE_LOOP('',(#953,#954,#955,#956));
#116=EDGE_LOOP('',(#957,#958,#959,#960));
#117=EDGE_LOOP('',(#961,#962,#963,#964));
#118=EDGE_LOOP('',(#965,#966,#967,#968,#969,#970,#971,#972,#973,#974,#975,
#976));
#119=EDGE_LOOP('',(#977,#978,#979,#980));
#120=EDGE_LOOP('',(#981,#982,#983,#984));
#121=EDGE_LOOP('',(#985,#986,#987,#988));
#122=EDGE_LOOP('',(#989,#990,#991,#992));
#123=EDGE_LOOP('',(#993,#994,#995,#996));
#124=EDGE_LOOP('',(#997,#998,#999,#1000,#1001,#1002,#1003,#1004,#1005,#1006,
#1007,#1008));
#125=EDGE_LOOP('',(#1009,#1010,#1011,#1012));
#126=EDGE_LOOP('',(#1013,#1014,#1015,#1016));
#127=EDGE_LOOP('',(#1017,#1018,#1019,#1020));
#128=EDGE_LOOP('',(#1021,#1022,#1023,#1024));
#129=EDGE_LOOP('',(#1025,#1026,#1027,#1028));
#130=EDGE_LOOP('',(#1029,#1030,#1031,#1032,#1033,#1034,#1035,#1036,#1037,
#1038,#1039,#1040));
#131=EDGE_LOOP('',(#1041,#1042,#1043,#1044));
#132=EDGE_LOOP('',(#1045,#1046,#1047,#1048));
#133=EDGE_LOOP('',(#1049));
#134=EDGE_LOOP('',(#1050,#1051,#1052,#1053));
#135=EDGE_LOOP('',(#1054));
#136=EDGE_LOOP('',(#1055,#1056,#1057,#1058));
#137=EDGE_LOOP('',(#1059,#1060,#1061,#1062));
#138=EDGE_LOOP('',(#1063,#1064,#1065,#1066));
#139=EDGE_LOOP('',(#1067,#1068,#1069,#1070));
#140=EDGE_LOOP('',(#1071,#1072,#1073,#1074));
#141=EDGE_LOOP('',(#1075,#1076,#1077,#1078));
#142=EDGE_LOOP('',(#1079,#1080,#1081,#1082));
#143=EDGE_LOOP('',(#1083,#1084,#1085,#1086));
#144=EDGE_LOOP('',(#1087,#1088,#1089,#1090));
#145=EDGE_LOOP('',(#1091,#1092,#1093,#1094));
#146=EDGE_LOOP('',(#1095,#1096,#1097,#1098));
#147=EDGE_LOOP('',(#1099,#1100,#1101,#1102));
#148=EDGE_LOOP('',(#1103,#1104,#1105,#1106));
#149=EDGE_LOOP('',(#1107,#1108,#1109,#1110));
#150=EDGE_LOOP('',(#1111,#1112,#1113,#1114));
#151=EDGE_LOOP('',(#1115,#1116,#1117,#1118));
#152=EDGE_LOOP('',(#1119,#1120,#1121,#1122));
#153=EDGE_LOOP('',(#1123,#1124,#1125,#1126));
#154=EDGE_LOOP('',(#1127,#1128,#1129,#1130));
#155=EDGE_LOOP('',(#1131,#1132,#1133,#1134));
#156=EDGE_LOOP('',(#1135,#1136,#1137,#1138));
#157=EDGE_LOOP('',(#1139,#1140,#1141,#1142));
#158=EDGE_LOOP('',(#1143,#1144,#1145,#1146));
#159=EDGE_LOOP('',(#1147,#1148,#1149,#1150));
#160=EDGE_LOOP('',(#1151,#1152,#1153,#1154));
#161=EDGE_LOOP('',(#1155,#1156,#1157,#1158));
#162=EDGE_LOOP('',(#1159,#1160,#1161,#1162));
#163=EDGE_LOOP('',(#1163,#1164,#1165,#1166));
#164=EDGE_LOOP('',(#1167,#1168,#1169,#1170));
#165=EDGE_LOOP('',(#1171,#1172,#1173,#1174));
#166=EDGE_LOOP('',(#1175,#1176,#1177,#1178));
#167=EDGE_LOOP('',(#1179,#1180,#1181,#1182));
#168=EDGE_LOOP('',(#1183,#1184,#1185,#1186));
#169=EDGE_LOOP('',(#1187,#1188,#1189,#1190));
#170=EDGE_LOOP('',(#1191,#1192,#1193,#1194));
#171=EDGE_LOOP('',(#1195,#1196,#1197,#1198));
#172=EDGE_LOOP('',(#1199,#1200,#1201,#1202));
#173=EDGE_LOOP('',(#1203,#1204,#1205,#1206));
#174=EDGE_LOOP('',(#1207,#1208,#1209,#1210));
#175=EDGE_LOOP('',(#1211,#1212,#1213,#1214));
#176=EDGE_LOOP('',(#1215,#1216,#1217,#1218));
#177=EDGE_LOOP('',(#1219,#1220,#1221,#1222));
#178=EDGE_LOOP('',(#1223,#1224,#1225,#1226));
#179=EDGE_LOOP('',(#1227,#1228,#1229,#1230));
#180=EDGE_LOOP('',(#1231,#1232,#1233,#1234));
#181=EDGE_LOOP('',(#1235,#1236,#1237,#1238));
#182=EDGE_LOOP('',(#1239,#1240,#1241,#1242));
#183=EDGE_LOOP('',(#1243,#1244,#1245,#1246));
#184=EDGE_LOOP('',(#1247,#1248,#1249,#1250));
#185=EDGE_LOOP('',(#1251,#1252,#1253,#1254));
#186=EDGE_LOOP('',(#1255,#1256,#1257,#1258));
#187=EDGE_LOOP('',(#1259,#1260,#1261,#1262));
#188=EDGE_LOOP('',(#1263,#1264,#1265,#1266,#1267,#1268,#1269,#1270,#1271,
#1272,#1273,#1274));
#189=EDGE_LOOP('',(#1275,#1276,#1277,#1278,#1279,#1280,#1281,#1282,#1283,
#1284,#1285,#1286));
#190=EDGE_LOOP('',(#1287,#1288,#1289,#1290,#1291,#1292,#1293,#1294,#1295,
#1296,#1297,#1298));
#191=EDGE_LOOP('',(#1299,#1300,#1301,#1302,#1303,#1304,#1305,#1306,#1307,
#1308,#1309,#1310));
#192=LINE('',#1908,#387);
#193=LINE('',#1910,#388);
#194=LINE('',#1912,#389);
#195=LINE('',#1913,#390);
#196=LINE('',#1916,#391);
#197=LINE('',#1918,#392);
#198=LINE('',#1919,#393);
#199=LINE('',#1922,#394);
#200=LINE('',#1924,#395);
#201=LINE('',#1925,#396);
#202=LINE('',#1927,#397);
#203=LINE('',#1928,#398);
#204=LINE('',#1932,#399);
#205=LINE('',#1934,#400);
#206=LINE('',#1936,#401);
#207=LINE('',#1938,#402);
#208=LINE('',#1940,#403);
#209=LINE('',#1942,#404);
#210=LINE('',#1944,#405);
#211=LINE('',#1946,#406);
#212=LINE('',#1948,#407);
#213=LINE('',#1950,#408);
#214=LINE('',#1952,#409);
#215=LINE('',#1953,#410);
#216=LINE('',#1957,#411);
#217=LINE('',#1959,#412);
#218=LINE('',#1961,#413);
#219=LINE('',#1962,#414);
#220=LINE('',#1965,#415);
#221=LINE('',#1967,#416);
#222=LINE('',#1968,#417);
#223=LINE('',#1971,#418);
#224=LINE('',#1973,#419);
#225=LINE('',#1974,#420);
#226=LINE('',#1976,#421);
#227=LINE('',#1977,#422);
#228=LINE('',#1981,#423);
#229=LINE('',#1983,#424);
#230=LINE('',#1985,#425);
#231=LINE('',#1987,#426);
#232=LINE('',#1989,#427);
#233=LINE('',#1991,#428);
#234=LINE('',#1993,#429);
#235=LINE('',#1995,#430);
#236=LINE('',#1997,#431);
#237=LINE('',#1999,#432);
#238=LINE('',#2001,#433);
#239=LINE('',#2002,#434);
#240=LINE('',#2006,#435);
#241=LINE('',#2008,#436);
#242=LINE('',#2010,#437);
#243=LINE('',#2011,#438);
#244=LINE('',#2014,#439);
#245=LINE('',#2016,#440);
#246=LINE('',#2017,#441);
#247=LINE('',#2020,#442);
#248=LINE('',#2022,#443);
#249=LINE('',#2023,#444);
#250=LINE('',#2025,#445);
#251=LINE('',#2026,#446);
#252=LINE('',#2030,#447);
#253=LINE('',#2032,#448);
#254=LINE('',#2034,#449);
#255=LINE('',#2036,#450);
#256=LINE('',#2038,#451);
#257=LINE('',#2040,#452);
#258=LINE('',#2042,#453);
#259=LINE('',#2044,#454);
#260=LINE('',#2046,#455);
#261=LINE('',#2048,#456);
#262=LINE('',#2050,#457);
#263=LINE('',#2051,#458);
#264=LINE('',#2055,#459);
#265=LINE('',#2057,#460);
#266=LINE('',#2059,#461);
#267=LINE('',#2060,#462);
#268=LINE('',#2063,#463);
#269=LINE('',#2065,#464);
#270=LINE('',#2066,#465);
#271=LINE('',#2069,#466);
#272=LINE('',#2071,#467);
#273=LINE('',#2072,#468);
#274=LINE('',#2074,#469);
#275=LINE('',#2075,#470);
#276=LINE('',#2079,#471);
#277=LINE('',#2081,#472);
#278=LINE('',#2083,#473);
#279=LINE('',#2085,#474);
#280=LINE('',#2087,#475);
#281=LINE('',#2089,#476);
#282=LINE('',#2091,#477);
#283=LINE('',#2093,#478);
#284=LINE('',#2095,#479);
#285=LINE('',#2097,#480);
#286=LINE('',#2099,#481);
#287=LINE('',#2100,#482);
#288=LINE('',#2105,#483);
#289=LINE('',#2109,#484);
#290=LINE('',#2115,#485);
#291=LINE('',#2120,#486);
#292=LINE('',#2121,#487);
#293=LINE('',#2122,#488);
#294=LINE('',#2125,#489);
#295=LINE('',#2126,#490);
#296=LINE('',#2129,#491);
#297=LINE('',#2130,#492);
#298=LINE('',#2133,#493);
#299=LINE('',#2134,#494);
#300=LINE('',#2137,#495);
#301=LINE('',#2138,#496);
#302=LINE('',#2141,#497);
#303=LINE('',#2142,#498);
#304=LINE('',#2145,#499);
#305=LINE('',#2146,#500);
#306=LINE('',#2149,#501);
#307=LINE('',#2150,#502);
#308=LINE('',#2153,#503);
#309=LINE('',#2154,#504);
#310=LINE('',#2157,#505);
#311=LINE('',#2158,#506);
#312=LINE('',#2161,#507);
#313=LINE('',#2162,#508);
#314=LINE('',#2164,#509);
#315=LINE('',#2168,#510);
#316=LINE('',#2169,#511);
#317=LINE('',#2170,#512);
#318=LINE('',#2173,#513);
#319=LINE('',#2174,#514);
#320=LINE('',#2177,#515);
#321=LINE('',#2178,#516);
#322=LINE('',#2181,#517);
#323=LINE('',#2182,#518);
#324=LINE('',#2185,#519);
#325=LINE('',#2186,#520);
#326=LINE('',#2189,#521);
#327=LINE('',#2190,#522);
#328=LINE('',#2193,#523);
#329=LINE('',#2194,#524);
#330=LINE('',#2197,#525);
#331=LINE('',#2198,#526);
#332=LINE('',#2201,#527);
#333=LINE('',#2202,#528);
#334=LINE('',#2205,#529);
#335=LINE('',#2206,#530);
#336=LINE('',#2209,#531);
#337=LINE('',#2210,#532);
#338=LINE('',#2212,#533);
#339=LINE('',#2216,#534);
#340=LINE('',#2217,#535);
#341=LINE('',#2218,#536);
#342=LINE('',#2221,#537);
#343=LINE('',#2222,#538);
#344=LINE('',#2225,#539);
#345=LINE('',#2226,#540);
#346=LINE('',#2229,#541);
#347=LINE('',#2230,#542);
#348=LINE('',#2233,#543);
#349=LINE('',#2234,#544);
#350=LINE('',#2237,#545);
#351=LINE('',#2238,#546);
#352=LINE('',#2241,#547);
#353=LINE('',#2242,#548);
#354=LINE('',#2245,#549);
#355=LINE('',#2246,#550);
#356=LINE('',#2249,#551);
#357=LINE('',#2250,#552);
#358=LINE('',#2253,#553);
#359=LINE('',#2254,#554);
#360=LINE('',#2257,#555);
#361=LINE('',#2258,#556);
#362=LINE('',#2260,#557);
#363=LINE('',#2264,#558);
#364=LINE('',#2265,#559);
#365=LINE('',#2266,#560);
#366=LINE('',#2269,#561);
#367=LINE('',#2270,#562);
#368=LINE('',#2273,#563);
#369=LINE('',#2274,#564);
#370=LINE('',#2277,#565);
#371=LINE('',#2278,#566);
#372=LINE('',#2281,#567);
#373=LINE('',#2282,#568);
#374=LINE('',#2285,#569);
#375=LINE('',#2286,#570);
#376=LINE('',#2289,#571);
#377=LINE('',#2290,#572);
#378=LINE('',#2293,#573);
#379=LINE('',#2294,#574);
#380=LINE('',#2297,#575);
#381=LINE('',#2298,#576);
#382=LINE('',#2301,#577);
#383=LINE('',#2302,#578);
#384=LINE('',#2305,#579);
#385=LINE('',#2306,#580);
#386=LINE('',#2308,#581);
#387=VECTOR('',#1549,10.);
#388=VECTOR('',#1550,10.);
#389=VECTOR('',#1551,10.);
#390=VECTOR('',#1552,10.);
#391=VECTOR('',#1555,10.);
#392=VECTOR('',#1556,10.);
#393=VECTOR('',#1557,10.);
#394=VECTOR('',#1560,10.);
#395=VECTOR('',#1561,10.);
#396=VECTOR('',#1562,10.);
#397=VECTOR('',#1565,10.);
#398=VECTOR('',#1566,10.);
#399=VECTOR('',#1569,10.);
#400=VECTOR('',#1570,10.);
#401=VECTOR('',#1571,10.);
#402=VECTOR('',#1572,10.);
#403=VECTOR('',#1573,10.);
#404=VECTOR('',#1574,10.);
#405=VECTOR('',#1575,10.);
#406=VECTOR('',#1576,10.);
#407=VECTOR('',#1577,10.);
#408=VECTOR('',#1578,10.);
#409=VECTOR('',#1579,10.);
#410=VECTOR('',#1580,10.);
#411=VECTOR('',#1583,10.);
#412=VECTOR('',#1584,10.);
#413=VECTOR('',#1585,10.);
#414=VECTOR('',#1586,10.);
#415=VECTOR('',#1589,10.);
#416=VECTOR('',#1590,10.);
#417=VECTOR('',#1591,10.);
#418=VECTOR('',#1594,10.);
#419=VECTOR('',#1595,10.);
#420=VECTOR('',#1596,10.);
#421=VECTOR('',#1599,10.);
#422=VECTOR('',#1600,10.);
#423=VECTOR('',#1603,10.);
#424=VECTOR('',#1604,10.);
#425=VECTOR('',#1605,10.);
#426=VECTOR('',#1606,10.);
#427=VECTOR('',#1607,10.);
#428=VECTOR('',#1608,10.);
#429=VECTOR('',#1609,10.);
#430=VECTOR('',#1610,10.);
#431=VECTOR('',#1611,10.);
#432=VECTOR('',#1612,10.);
#433=VECTOR('',#1613,10.);
#434=VECTOR('',#1614,10.);
#435=VECTOR('',#1617,10.);
#436=VECTOR('',#1618,10.);
#437=VECTOR('',#1619,10.);
#438=VECTOR('',#1620,10.);
#439=VECTOR('',#1623,10.);
#440=VECTOR('',#1624,10.);
#441=VECTOR('',#1625,10.);
#442=VECTOR('',#1628,10.);
#443=VECTOR('',#1629,10.);
#444=VECTOR('',#1630,10.);
#445=VECTOR('',#1633,10.);
#446=VECTOR('',#1634,10.);
#447=VECTOR('',#1637,10.);
#448=VECTOR('',#1638,10.);
#449=VECTOR('',#1639,10.);
#450=VECTOR('',#1640,10.);
#451=VECTOR('',#1641,10.);
#452=VECTOR('',#1642,10.);
#453=VECTOR('',#1643,10.);
#454=VECTOR('',#1644,10.);
#455=VECTOR('',#1645,10.);
#456=VECTOR('',#1646,10.);
#457=VECTOR('',#1647,10.);
#458=VECTOR('',#1648,10.);
#459=VECTOR('',#1651,10.);
#460=VECTOR('',#1652,10.);
#461=VECTOR('',#1653,10.);
#462=VECTOR('',#1654,10.);
#463=VECTOR('',#1657,10.);
#464=VECTOR('',#1658,10.);
#465=VECTOR('',#1659,10.);
#466=VECTOR('',#1662,10.);
#467=VECTOR('',#1663,10.);
#468=VECTOR('',#1664,10.);
#469=VECTOR('',#1667,10.);
#470=VECTOR('',#1668,10.);
#471=VECTOR('',#1671,10.);
#472=VECTOR('',#1672,10.);
#473=VECTOR('',#1673,10.);
#474=VECTOR('',#1674,10.);
#475=VECTOR('',#1675,10.);
#476=VECTOR('',#1676,10.);
#477=VECTOR('',#1677,10.);
#478=VECTOR('',#1678,10.);
#479=VECTOR('',#1679,10.);
#480=VECTOR('',#1680,10.);
#481=VECTOR('',#1681,10.);
#482=VECTOR('',#1682,10.);
#483=VECTOR('',#1687,39.5);
#484=VECTOR('',#1692,40.);
#485=VECTOR('',#1701,39.5);
#486=VECTOR('',#1706,10.);
#487=VECTOR('',#1707,10.);
#488=VECTOR('',#1708,10.);
#489=VECTOR('',#1711,10.);
#490=VECTOR('',#1712,10.);
#491=VECTOR('',#1715,10.);
#492=VECTOR('',#1716,10.);
#493=VECTOR('',#1719,10.);
#494=VECTOR('',#1720,10.);
#495=VECTOR('',#1723,10.);
#496=VECTOR('',#1724,10.);
#497=VECTOR('',#1727,10.);
#498=VECTOR('',#1728,10.);
#499=VECTOR('',#1731,10.);
#500=VECTOR('',#1732,10.);
#501=VECTOR('',#1735,10.);
#502=VECTOR('',#1736,10.);
#503=VECTOR('',#1739,10.);
#504=VECTOR('',#1740,10.);
#505=VECTOR('',#1743,10.);
#506=VECTOR('',#1744,10.);
#507=VECTOR('',#1747,10.);
#508=VECTOR('',#1748,10.);
#509=VECTOR('',#1751,10.);
#510=VECTOR('',#1754,10.);
#511=VECTOR('',#1755,10.);
#512=VECTOR('',#1756,10.);
#513=VECTOR('',#1759,10.);
#514=VECTOR('',#1760,10.);
#515=VECTOR('',#1763,10.);
#516=VECTOR('',#1764,10.);
#517=VECTOR('',#1767,10.);
#518=VECTOR('',#1768,10.);
#519=VECTOR('',#1771,10.);
#520=VECTOR('',#1772,10.);
#521=VECTOR('',#1775,10.);
#522=VECTOR('',#1776,10.);
#523=VECTOR('',#1779,10.);
#524=VECTOR('',#1780,10.);
#525=VECTOR('',#1783,10.);
#526=VECTOR('',#1784,10.);
#527=VECTOR('',#1787,10.);
#528=VECTOR('',#1788,10.);
#529=VECTOR('',#1791,10.);
#530=VECTOR('',#1792,10.);
#531=VECTOR('',#1795,10.);
#532=VECTOR('',#1796,10.);
#533=VECTOR('',#1799,10.);
#534=VECTOR('',#1802,10.);
#535=VECTOR('',#1803,10.);
#536=VECTOR('',#1804,10.);
#537=VECTOR('',#1807,10.);
#538=VECTOR('',#1808,10.);
#539=VECTOR('',#1811,10.);
#540=VECTOR('',#1812,10.);
#541=VECTOR('',#1815,10.);
#542=VECTOR('',#1816,10.);
#543=VECTOR('',#1819,10.);
#544=VECTOR('',#1820,10.);
#545=VECTOR('',#1823,10.);
#546=VECTOR('',#1824,10.);
#547=VECTOR('',#1827,10.);
#548=VECTOR('',#1828,10.);
#549=VECTOR('',#1831,10.);
#550=VECTOR('',#1832,10.);
#551=VECTOR('',#1835,10.);
#552=VECTOR('',#1836,10.);
#553=VECTOR('',#1839,10.);
#554=VECTOR('',#1840,10.);
#555=VECTOR('',#1843,10.);
#556=VECTOR('',#1844,10.);
#557=VECTOR('',#1847,10.);
#558=VECTOR('',#1850,10.);
#559=VECTOR('',#1851,10.);
#560=VECTOR('',#1852,10.);
#561=VECTOR('',#1855,10.);
#562=VECTOR('',#1856,10.);
#563=VECTOR('',#1859,10.);
#564=VECTOR('',#1860,10.);
#565=VECTOR('',#1863,10.);
#566=VECTOR('',#1864,10.);
#567=VECTOR('',#1867,10.);
#568=VECTOR('',#1868,10.);
#569=VECTOR('',#1871,10.);
#570=VECTOR('',#1872,10.);
#571=VECTOR('',#1875,10.);
#572=VECTOR('',#1876,10.);
#573=VECTOR('',#1879,10.);
#574=VECTOR('',#1880,10.);
#575=VECTOR('',#1883,10.);
#576=VECTOR('',#1884,10.);
#577=VECTOR('',#1887,10.);
#578=VECTOR('',#1888,10.);
#579=VECTOR('',#1891,10.);
#580=VECTOR('',#1892,10.);
#581=VECTOR('',#1895,10.);
#582=VERTEX_POINT('',#1906);
#583=VERTEX_POINT('',#1907);
#584=VERTEX_POINT('',#1909);
#585=VERTEX_POINT('',#1911);
#586=VERTEX_POINT('',#1915);
#587=VERTEX_POINT('',#1917);
#588=VERTEX_POINT('',#1921);
#589=VERTEX_POINT('',#1923);
#590=VERTEX_POINT('',#1930);
#591=VERTEX_POINT('',#1931);
#592=VERTEX_POINT('',#1933);
#593=VERTEX_POINT('',#1935);
#594=VERTEX_POINT('',#1937);
#595=VERTEX_POINT('',#1939);
#596=VERTEX_POINT('',#1941);
#597=VERTEX_POINT('',#1943);
#598=VERTEX_POINT('',#1945);
#599=VERTEX_POINT('',#1947);
#600=VERTEX_POINT('',#1949);
#601=VERTEX_POINT('',#1951);
#602=VERTEX_POINT('',#1955);
#603=VERTEX_POINT('',#1956);
#604=VERTEX_POINT('',#1958);
#605=VERTEX_POINT('',#1960);
#606=VERTEX_POINT('',#1964);
#607=VERTEX_POINT('',#1966);
#608=VERTEX_POINT('',#1970);
#609=VERTEX_POINT('',#1972);
#610=VERTEX_POINT('',#1979);
#611=VERTEX_POINT('',#1980);
#612=VERTEX_POINT('',#1982);
#613=VERTEX_POINT('',#1984);
#614=VERTEX_POINT('',#1986);
#615=VERTEX_POINT('',#1988);
#616=VERTEX_POINT('',#1990);
#617=VERTEX_POINT('',#1992);
#618=VERTEX_POINT('',#1994);
#619=VERTEX_POINT('',#1996);
#620=VERTEX_POINT('',#1998);
#621=VERTEX_POINT('',#2000);
#622=VERTEX_POINT('',#2004);
#623=VERTEX_POINT('',#2005);
#624=VERTEX_POINT('',#2007);
#625=VERTEX_POINT('',#2009);
#626=VERTEX_POINT('',#2013);
#627=VERTEX_POINT('',#2015);
#628=VERTEX_POINT('',#2019);
#629=VERTEX_POINT('',#2021);
#630=VERTEX_POINT('',#2028);
#631=VERTEX_POINT('',#2029);
#632=VERTEX_POINT('',#2031);
#633=VERTEX_POINT('',#2033);
#634=VERTEX_POINT('',#2035);
#635=VERTEX_POINT('',#2037);
#636=VERTEX_POINT('',#2039);
#637=VERTEX_POINT('',#2041);
#638=VERTEX_POINT('',#2043);
#639=VERTEX_POINT('',#2045);
#640=VERTEX_POINT('',#2047);
#641=VERTEX_POINT('',#2049);
#642=VERTEX_POINT('',#2053);
#643=VERTEX_POINT('',#2054);
#644=VERTEX_POINT('',#2056);
#645=VERTEX_POINT('',#2058);
#646=VERTEX_POINT('',#2062);
#647=VERTEX_POINT('',#2064);
#648=VERTEX_POINT('',#2068);
#649=VERTEX_POINT('',#2070);
#650=VERTEX_POINT('',#2077);
#651=VERTEX_POINT('',#2078);
#652=VERTEX_POINT('',#2080);
#653=VERTEX_POINT('',#2082);
#654=VERTEX_POINT('',#2084);
#655=VERTEX_POINT('',#2086);
#656=VERTEX_POINT('',#2088);
#657=VERTEX_POINT('',#2090);
#658=VERTEX_POINT('',#2092);
#659=VERTEX_POINT('',#2094);
#660=VERTEX_POINT('',#2096);
#661=VERTEX_POINT('',#2098);
#662=VERTEX_POINT('',#2102);
#663=VERTEX_POINT('',#2104);
#664=VERTEX_POINT('',#2108);
#665=VERTEX_POINT('',#2113);
#666=VERTEX_POINT('',#2118);
#667=VERTEX_POINT('',#2119);
#668=VERTEX_POINT('',#2124);
#669=VERTEX_POINT('',#2128);
#670=VERTEX_POINT('',#2132);
#671=VERTEX_POINT('',#2136);
#672=VERTEX_POINT('',#2140);
#673=VERTEX_POINT('',#2144);
#674=VERTEX_POINT('',#2148);
#675=VERTEX_POINT('',#2152);
#676=VERTEX_POINT('',#2156);
#677=VERTEX_POINT('',#2160);
#678=VERTEX_POINT('',#2166);
#679=VERTEX_POINT('',#2167);
#680=VERTEX_POINT('',#2172);
#681=VERTEX_POINT('',#2176);
#682=VERTEX_POINT('',#2180);
#683=VERTEX_POINT('',#2184);
#684=VERTEX_POINT('',#2188);
#685=VERTEX_POINT('',#2192);
#686=VERTEX_POINT('',#2196);
#687=VERTEX_POINT('',#2200);
#688=VERTEX_POINT('',#2204);
#689=VERTEX_POINT('',#2208);
#690=VERTEX_POINT('',#2214);
#691=VERTEX_POINT('',#2215);
#692=VERTEX_POINT('',#2220);
#693=VERTEX_POINT('',#2224);
#694=VERTEX_POINT('',#2228);
#695=VERTEX_POINT('',#2232);
#696=VERTEX_POINT('',#2236);
#697=VERTEX_POINT('',#2240);
#698=VERTEX_POINT('',#2244);
#699=VERTEX_POINT('',#2248);
#700=VERTEX_POINT('',#2252);
#701=VERTEX_POINT('',#2256);
#702=VERTEX_POINT('',#2262);
#703=VERTEX_POINT('',#2263);
#704=VERTEX_POINT('',#2268);
#705=VERTEX_POINT('',#2272);
#706=VERTEX_POINT('',#2276);
#707=VERTEX_POINT('',#2280);
#708=VERTEX_POINT('',#2284);
#709=VERTEX_POINT('',#2288);
#710=VERTEX_POINT('',#2292);
#711=VERTEX_POINT('',#2296);
#712=VERTEX_POINT('',#2300);
#713=VERTEX_POINT('',#2304);
#714=EDGE_CURVE('',#582,#583,#192,.T.);
#715=EDGE_CURVE('',#582,#584,#193,.T.);
#716=EDGE_CURVE('',#585,#584,#194,.T.);
#717=EDGE_CURVE('',#583,#585,#195,.T.);
#718=EDGE_CURVE('',#583,#586,#196,.T.);
#719=EDGE_CURVE('',#587,#585,#197,.T.);
#720=EDGE_CURVE('',#586,#587,#198,.T.);
#721=EDGE_CURVE('',#586,#588,#199,.T.);
#722=EDGE_CURVE('',#589,#587,#200,.T.);
#723=EDGE_CURVE('',#588,#589,#201,.T.);
#724=EDGE_CURVE('',#588,#582,#202,.T.);
#725=EDGE_CURVE('',#584,#589,#203,.T.);
#726=EDGE_CURVE('',#590,#591,#204,.T.);
#727=EDGE_CURVE('',#591,#592,#205,.T.);
#728=EDGE_CURVE('',#592,#593,#206,.T.);
#729=EDGE_CURVE('',#593,#594,#207,.T.);
#730=EDGE_CURVE('',#594,#595,#208,.T.);
#731=EDGE_CURVE('',#595,#596,#209,.T.);
#732=EDGE_CURVE('',#596,#597,#210,.T.);
#733=EDGE_CURVE('',#597,#598,#211,.T.);
#734=EDGE_CURVE('',#598,#599,#212,.T.);
#735=EDGE_CURVE('',#599,#600,#213,.T.);
#736=EDGE_CURVE('',#600,#601,#214,.T.);
#737=EDGE_CURVE('',#601,#590,#215,.T.);
#738=EDGE_CURVE('',#602,#603,#216,.T.);
#739=EDGE_CURVE('',#602,#604,#217,.T.);
#740=EDGE_CURVE('',#605,#604,#218,.T.);
#741=EDGE_CURVE('',#603,#605,#219,.T.);
#742=EDGE_CURVE('',#603,#606,#220,.T.);
#743=EDGE_CURVE('',#607,#605,#221,.T.);
#744=EDGE_CURVE('',#606,#607,#222,.T.);
#745=EDGE_CURVE('',#606,#608,#223,.T.);
#746=EDGE_CURVE('',#609,#607,#224,.T.);
#747=EDGE_CURVE('',#608,#609,#225,.T.);
#748=EDGE_CURVE('',#608,#602,#226,.T.);
#749=EDGE_CURVE('',#604,#609,#227,.T.);
#750=EDGE_CURVE('',#610,#611,#228,.T.);
#751=EDGE_CURVE('',#611,#612,#229,.T.);
#752=EDGE_CURVE('',#612,#613,#230,.T.);
#753=EDGE_CURVE('',#613,#614,#231,.T.);
#754=EDGE_CURVE('',#614,#615,#232,.T.);
#755=EDGE_CURVE('',#615,#616,#233,.T.);
#756=EDGE_CURVE('',#616,#617,#234,.T.);
#757=EDGE_CURVE('',#617,#618,#235,.T.);
#758=EDGE_CURVE('',#618,#619,#236,.T.);
#759=EDGE_CURVE('',#619,#620,#237,.T.);
#760=EDGE_CURVE('',#620,#621,#238,.T.);
#761=EDGE_CURVE('',#621,#610,#239,.T.);
#762=EDGE_CURVE('',#622,#623,#240,.T.);
#763=EDGE_CURVE('',#622,#624,#241,.T.);
#764=EDGE_CURVE('',#625,#624,#242,.T.);
#765=EDGE_CURVE('',#623,#625,#243,.T.);
#766=EDGE_CURVE('',#623,#626,#244,.T.);
#767=EDGE_CURVE('',#627,#625,#245,.T.);
#768=EDGE_CURVE('',#626,#627,#246,.T.);
#769=EDGE_CURVE('',#626,#628,#247,.T.);
#770=EDGE_CURVE('',#629,#627,#248,.T.);
#771=EDGE_CURVE('',#628,#629,#249,.T.);
#772=EDGE_CURVE('',#628,#622,#250,.T.);
#773=EDGE_CURVE('',#624,#629,#251,.T.);
#774=EDGE_CURVE('',#630,#631,#252,.T.);
#775=EDGE_CURVE('',#631,#632,#253,.T.);
#776=EDGE_CURVE('',#632,#633,#254,.T.);
#777=EDGE_CURVE('',#633,#634,#255,.T.);
#778=EDGE_CURVE('',#634,#635,#256,.T.);
#779=EDGE_CURVE('',#635,#636,#257,.T.);
#780=EDGE_CURVE('',#636,#637,#258,.T.);
#781=EDGE_CURVE('',#637,#638,#259,.T.);
#782=EDGE_CURVE('',#638,#639,#260,.T.);
#783=EDGE_CURVE('',#639,#640,#261,.T.);
#784=EDGE_CURVE('',#640,#641,#262,.T.);
#785=EDGE_CURVE('',#641,#630,#263,.T.);
#786=EDGE_CURVE('',#642,#643,#264,.T.);
#787=EDGE_CURVE('',#642,#644,#265,.T.);
#788=EDGE_CURVE('',#645,#644,#266,.T.);
#789=EDGE_CURVE('',#643,#645,#267,.T.);
#790=EDGE_CURVE('',#643,#646,#268,.T.);
#791=EDGE_CURVE('',#647,#645,#269,.T.);
#792=EDGE_CURVE('',#646,#647,#270,.T.);
#793=EDGE_CURVE('',#646,#648,#271,.T.);
#794=EDGE_CURVE('',#649,#647,#272,.T.);
#795=EDGE_CURVE('',#648,#649,#273,.T.);
#796=EDGE_CURVE('',#648,#642,#274,.T.);
#797=EDGE_CURVE('',#644,#649,#275,.T.);
#798=EDGE_CURVE('',#650,#651,#276,.T.);
#799=EDGE_CURVE('',#651,#652,#277,.T.);
#800=EDGE_CURVE('',#652,#653,#278,.T.);
#801=EDGE_CURVE('',#653,#654,#279,.T.);
#802=EDGE_CURVE('',#654,#655,#280,.T.);
#803=EDGE_CURVE('',#655,#656,#281,.T.);
#804=EDGE_CURVE('',#656,#657,#282,.T.);
#805=EDGE_CURVE('',#657,#658,#283,.T.);
#806=EDGE_CURVE('',#658,#659,#284,.T.);
#807=EDGE_CURVE('',#659,#660,#285,.T.);
#808=EDGE_CURVE('',#660,#661,#286,.T.);
#809=EDGE_CURVE('',#661,#650,#287,.T.);
#810=EDGE_CURVE('',#662,#662,#16,.T.);
#811=EDGE_CURVE('',#662,#663,#288,.T.);
#812=EDGE_CURVE('',#663,#663,#17,.T.);
#813=EDGE_CURVE('',#663,#664,#289,.T.);
#814=EDGE_CURVE('',#664,#664,#18,.T.);
#815=EDGE_CURVE('',#665,#665,#19,.T.);
#816=EDGE_CURVE('',#665,#664,#290,.T.);
#817=EDGE_CURVE('',#666,#667,#291,.T.);
#818=EDGE_CURVE('',#666,#652,#292,.T.);
#819=EDGE_CURVE('',#667,#651,#293,.T.);
#820=EDGE_CURVE('',#667,#668,#294,.T.);
#821=EDGE_CURVE('',#668,#650,#295,.T.);
#822=EDGE_CURVE('',#668,#669,#296,.T.);
#823=EDGE_CURVE('',#669,#661,#297,.T.);
#824=EDGE_CURVE('',#669,#670,#298,.T.);
#825=EDGE_CURVE('',#670,#660,#299,.T.);
#826=EDGE_CURVE('',#670,#671,#300,.T.);
#827=EDGE_CURVE('',#671,#659,#301,.T.);
#828=EDGE_CURVE('',#671,#672,#302,.T.);
#829=EDGE_CURVE('',#672,#658,#303,.T.);
#830=EDGE_CURVE('',#672,#673,#304,.T.);
#831=EDGE_CURVE('',#673,#657,#305,.T.);
#832=EDGE_CURVE('',#673,#674,#306,.T.);
#833=EDGE_CURVE('',#674,#656,#307,.T.);
#834=EDGE_CURVE('',#674,#675,#308,.T.);
#835=EDGE_CURVE('',#675,#655,#309,.T.);
#836=EDGE_CURVE('',#675,#676,#310,.T.);
#837=EDGE_CURVE('',#676,#654,#311,.T.);
#838=EDGE_CURVE('',#676,#677,#312,.T.);
#839=EDGE_CURVE('',#677,#653,#313,.T.);
#840=EDGE_CURVE('',#677,#666,#314,.T.);
#841=EDGE_CURVE('',#678,#679,#315,.T.);
#842=EDGE_CURVE('',#678,#592,#316,.T.);
#843=EDGE_CURVE('',#679,#591,#317,.T.);
#844=EDGE_CURVE('',#679,#680,#318,.T.);
#845=EDGE_CURVE('',#680,#590,#319,.T.);
#846=EDGE_CURVE('',#680,#681,#320,.T.);
#847=EDGE_CURVE('',#681,#601,#321,.T.);
#848=EDGE_CURVE('',#681,#682,#322,.T.);
#849=EDGE_CURVE('',#682,#600,#323,.T.);
#850=EDGE_CURVE('',#682,#683,#324,.T.);
#851=EDGE_CURVE('',#683,#599,#325,.T.);
#852=EDGE_CURVE('',#683,#684,#326,.T.);
#853=EDGE_CURVE('',#684,#598,#327,.T.);
#854=EDGE_CURVE('',#684,#685,#328,.T.);
#855=EDGE_CURVE('',#685,#597,#329,.T.);
#856=EDGE_CURVE('',#685,#686,#330,.T.);
#857=EDGE_CURVE('',#686,#596,#331,.T.);
#858=EDGE_CURVE('',#686,#687,#332,.T.);
#859=EDGE_CURVE('',#687,#595,#333,.T.);
#860=EDGE_CURVE('',#687,#688,#334,.T.);
#861=EDGE_CURVE('',#688,#594,#335,.T.);
#862=EDGE_CURVE('',#688,#689,#336,.T.);
#863=EDGE_CURVE('',#689,#593,#337,.T.);
#864=EDGE_CURVE('',#689,#678,#338,.T.);
#865=EDGE_CURVE('',#690,#691,#339,.T.);
#866=EDGE_CURVE('',#690,#632,#340,.T.);
#867=EDGE_CURVE('',#691,#631,#341,.T.);
#868=EDGE_CURVE('',#691,#692,#342,.T.);
#869=EDGE_CURVE('',#692,#630,#343,.T.);
#870=EDGE_CURVE('',#692,#693,#344,.T.);
#871=EDGE_CURVE('',#693,#641,#345,.T.);
#872=EDGE_CURVE('',#693,#694,#346,.T.);
#873=EDGE_CURVE('',#694,#640,#347,.T.);
#874=EDGE_CURVE('',#694,#695,#348,.T.);
#875=EDGE_CURVE('',#695,#639,#349,.T.);
#876=EDGE_CURVE('',#695,#696,#350,.T.);
#877=EDGE_CURVE('',#696,#638,#351,.T.);
#878=EDGE_CURVE('',#696,#697,#352,.T.);
#879=EDGE_CURVE('',#697,#637,#353,.T.);
#880=EDGE_CURVE('',#697,#698,#354,.T.);
#881=EDGE_CURVE('',#698,#636,#355,.T.);
#882=EDGE_CURVE('',#698,#699,#356,.T.);
#883=EDGE_CURVE('',#699,#635,#357,.T.);
#884=EDGE_CURVE('',#699,#700,#358,.T.);
#885=EDGE_CURVE('',#700,#634,#359,.T.);
#886=EDGE_CURVE('',#700,#701,#360,.T.);
#887=EDGE_CURVE('',#701,#633,#361,.T.);
#888=EDGE_CURVE('',#701,#690,#362,.T.);
#889=EDGE_CURVE('',#702,#703,#363,.T.);
#890=EDGE_CURVE('',#702,#612,#364,.T.);
#891=EDGE_CURVE('',#703,#611,#365,.T.);
#892=EDGE_CURVE('',#703,#704,#366,.T.);
#893=EDGE_CURVE('',#704,#610,#367,.T.);
#894=EDGE_CURVE('',#704,#705,#368,.T.);
#895=EDGE_CURVE('',#705,#621,#369,.T.);
#896=EDGE_CURVE('',#705,#706,#370,.T.);
#897=EDGE_CURVE('',#706,#620,#371,.T.);
#898=EDGE_CURVE('',#706,#707,#372,.T.);
#899=EDGE_CURVE('',#707,#619,#373,.T.);
#900=EDGE_CURVE('',#707,#708,#374,.T.);
#901=EDGE_CURVE('',#708,#618,#375,.T.);
#902=EDGE_CURVE('',#708,#709,#376,.T.);
#903=EDGE_CURVE('',#709,#617,#377,.T.);
#904=EDGE_CURVE('',#709,#710,#378,.T.);
#905=EDGE_CURVE('',#710,#616,#379,.T.);
#906=EDGE_CURVE('',#710,#711,#380,.T.);
#907=EDGE_CURVE('',#711,#615,#381,.T.);
#908=EDGE_CURVE('',#711,#712,#382,.T.);
#909=EDGE_CURVE('',#712,#614,#383,.T.);
#910=EDGE_CURVE('',#712,#713,#384,.T.);
#911=EDGE_CURVE('',#713,#613,#385,.T.);
#912=EDGE_CURVE('',#713,#702,#386,.T.);
#913=ORIENTED_EDGE('',*,*,#714,.F.);
#914=ORIENTED_EDGE('',*,*,#715,.T.);
#915=ORIENTED_EDGE('',*,*,#716,.F.);
#916=ORIENTED_EDGE('',*,*,#717,.F.);
#917=ORIENTED_EDGE('',*,*,#718,.F.);
#918=ORIENTED_EDGE('',*,*,#717,.T.);
#919=ORIENTED_EDGE('',*,*,#719,.F.);
#920=ORIENTED_EDGE('',*,*,#720,.F.);
#921=ORIENTED_EDGE('',*,*,#721,.F.);
#922=ORIENTED_EDGE('',*,*,#720,.T.);
#923=ORIENTED_EDGE('',*,*,#722,.F.);
#924=ORIENTED_EDGE('',*,*,#723,.F.);
#925=ORIENTED_EDGE('',*,*,#724,.F.);
#926=ORIENTED_EDGE('',*,*,#723,.T.);
#927=ORIENTED_EDGE('',*,*,#725,.F.);
#928=ORIENTED_EDGE('',*,*,#715,.F.);
#929=ORIENTED_EDGE('',*,*,#725,.T.);
#930=ORIENTED_EDGE('',*,*,#722,.T.);
#931=ORIENTED_EDGE('',*,*,#719,.T.);
#932=ORIENTED_EDGE('',*,*,#716,.T.);
#933=ORIENTED_EDGE('',*,*,#726,.T.);
#934=ORIENTED_EDGE('',*,*,#727,.T.);
#935=ORIENTED_EDGE('',*,*,#728,.T.);
#936=ORIENTED_EDGE('',*,*,#729,.T.);
#937=ORIENTED_EDGE('',*,*,#730,.T.);
#938=ORIENTED_EDGE('',*,*,#731,.T.);
#939=ORIENTED_EDGE('',*,*,#732,.T.);
#940=ORIENTED_EDGE('',*,*,#733,.T.);
#941=ORIENTED_EDGE('',*,*,#734,.T.);
#942=ORIENTED_EDGE('',*,*,#735,.T.);
#943=ORIENTED_EDGE('',*,*,#736,.T.);
#944=ORIENTED_EDGE('',*,*,#737,.T.);
#945=ORIENTED_EDGE('',*,*,#738,.F.);
#946=ORIENTED_EDGE('',*,*,#739,.T.);
#947=ORIENTED_EDGE('',*,*,#740,.F.);
#948=ORIENTED_EDGE('',*,*,#741,.F.);
#949=ORIENTED_EDGE('',*,*,#742,.F.);
#950=ORIENTED_EDGE('',*,*,#741,.T.);
#951=ORIENTED_EDGE('',*,*,#743,.F.);
#952=ORIENTED_EDGE('',*,*,#744,.F.);
#953=ORIENTED_EDGE('',*,*,#745,.F.);
#954=ORIENTED_EDGE('',*,*,#744,.T.);
#955=ORIENTED_EDGE('',*,*,#746,.F.);
#956=ORIENTED_EDGE('',*,*,#747,.F.);
#957=ORIENTED_EDGE('',*,*,#748,.F.);
#958=ORIENTED_EDGE('',*,*,#747,.T.);
#959=ORIENTED_EDGE('',*,*,#749,.F.);
#960=ORIENTED_EDGE('',*,*,#739,.F.);
#961=ORIENTED_EDGE('',*,*,#749,.T.);
#962=ORIENTED_EDGE('',*,*,#746,.T.);
#963=ORIENTED_EDGE('',*,*,#743,.T.);
#964=ORIENTED_EDGE('',*,*,#740,.T.);
#965=ORIENTED_EDGE('',*,*,#750,.T.);
#966=ORIENTED_EDGE('',*,*,#751,.T.);
#967=ORIENTED_EDGE('',*,*,#752,.T.);
#968=ORIENTED_EDGE('',*,*,#753,.T.);
#969=ORIENTED_EDGE('',*,*,#754,.T.);
#970=ORIENTED_EDGE('',*,*,#755,.T.);
#971=ORIENTED_EDGE('',*,*,#756,.T.);
#972=ORIENTED_EDGE('',*,*,#757,.T.);
#973=ORIENTED_EDGE('',*,*,#758,.T.);
#974=ORIENTED_EDGE('',*,*,#759,.T.);
#975=ORIENTED_EDGE('',*,*,#760,.T.);
#976=ORIENTED_EDGE('',*,*,#761,.T.);
#977=ORIENTED_EDGE('',*,*,#762,.F.);
#978=ORIENTED_EDGE('',*,*,#763,.T.);
#979=ORIENTED_EDGE('',*,*,#764,.F.);
#980=ORIENTED_EDGE('',*,*,#765,.F.);
#981=ORIENTED_EDGE('',*,*,#766,.F.);
#982=ORIENTED_EDGE('',*,*,#765,.T.);
#983=ORIENTED_EDGE('',*,*,#767,.F.);
#984=ORIENTED_EDGE('',*,*,#768,.F.);
#985=ORIENTED_EDGE('',*,*,#769,.F.);
#986=ORIENTED_EDGE('',*,*,#768,.T.);
#987=ORIENTED_EDGE('',*,*,#770,.F.);
#988=ORIENTED_EDGE('',*,*,#771,.F.);
#989=ORIENTED_EDGE('',*,*,#772,.F.);
#990=ORIENTED_EDGE('',*,*,#771,.T.);
#991=ORIENTED_EDGE('',*,*,#773,.F.);
#992=ORIENTED_EDGE('',*,*,#763,.F.);
#993=ORIENTED_EDGE('',*,*,#773,.T.);
#994=ORIENTED_EDGE('',*,*,#770,.T.);
#995=ORIENTED_EDGE('',*,*,#767,.T.);
#996=ORIENTED_EDGE('',*,*,#764,.T.);
#997=ORIENTED_EDGE('',*,*,#774,.T.);
#998=ORIENTED_EDGE('',*,*,#775,.T.);
#999=ORIENTED_EDGE('',*,*,#776,.T.);
#1000=ORIENTED_EDGE('',*,*,#777,.T.);
#1001=ORIENTED_EDGE('',*,*,#778,.T.);
#1002=ORIENTED_EDGE('',*,*,#779,.T.);
#1003=ORIENTED_EDGE('',*,*,#780,.T.);
#1004=ORIENTED_EDGE('',*,*,#781,.T.);
#1005=ORIENTED_EDGE('',*,*,#782,.T.);
#1006=ORIENTED_EDGE('',*,*,#783,.T.);
#1007=ORIENTED_EDGE('',*,*,#784,.T.);
#1008=ORIENTED_EDGE('',*,*,#785,.T.);
#1009=ORIENTED_EDGE('',*,*,#786,.F.);
#1010=ORIENTED_EDGE('',*,*,#787,.T.);
#1011=ORIENTED_EDGE('',*,*,#788,.F.);
#1012=ORIENTED_EDGE('',*,*,#789,.F.);
#1013=ORIENTED_EDGE('',*,*,#790,.F.);
#1014=ORIENTED_EDGE('',*,*,#789,.T.);
#1015=ORIENTED_EDGE('',*,*,#791,.F.);
#1016=ORIENTED_EDGE('',*,*,#792,.F.);
#1017=ORIENTED_EDGE('',*,*,#793,.F.);
#1018=ORIENTED_EDGE('',*,*,#792,.T.);
#1019=ORIENTED_EDGE('',*,*,#794,.F.);
#1020=ORIENTED_EDGE('',*,*,#795,.F.);
#1021=ORIENTED_EDGE('',*,*,#796,.F.);
#1022=ORIENTED_EDGE('',*,*,#795,.T.);
#1023=ORIENTED_EDGE('',*,*,#797,.F.);
#1024=ORIENTED_EDGE('',*,*,#787,.F.);
#1025=ORIENTED_EDGE('',*,*,#797,.T.);
#1026=ORIENTED_EDGE('',*,*,#794,.T.);
#1027=ORIENTED_EDGE('',*,*,#791,.T.);
#1028=ORIENTED_EDGE('',*,*,#788,.T.);
#1029=ORIENTED_EDGE('',*,*,#798,.T.);
#1030=ORIENTED_EDGE('',*,*,#799,.T.);
#1031=ORIENTED_EDGE('',*,*,#800,.T.);
#1032=ORIENTED_EDGE('',*,*,#801,.T.);
#1033=ORIENTED_EDGE('',*,*,#802,.T.);
#1034=ORIENTED_EDGE('',*,*,#803,.T.);
#1035=ORIENTED_EDGE('',*,*,#804,.T.);
#1036=ORIENTED_EDGE('',*,*,#805,.T.);
#1037=ORIENTED_EDGE('',*,*,#806,.T.);
#1038=ORIENTED_EDGE('',*,*,#807,.T.);
#1039=ORIENTED_EDGE('',*,*,#808,.T.);
#1040=ORIENTED_EDGE('',*,*,#809,.T.);
#1041=ORIENTED_EDGE('',*,*,#810,.T.);
#1042=ORIENTED_EDGE('',*,*,#811,.T.);
#1043=ORIENTED_EDGE('',*,*,#812,.T.);
#1044=ORIENTED_EDGE('',*,*,#811,.F.);
#1045=ORIENTED_EDGE('',*,*,#812,.F.);
#1046=ORIENTED_EDGE('',*,*,#813,.T.);
#1047=ORIENTED_EDGE('',*,*,#814,.F.);
#1048=ORIENTED_EDGE('',*,*,#813,.F.);
#1049=ORIENTED_EDGE('',*,*,#810,.F.);
#1050=ORIENTED_EDGE('',*,*,#815,.T.);
#1051=ORIENTED_EDGE('',*,*,#816,.T.);
#1052=ORIENTED_EDGE('',*,*,#814,.T.);
#1053=ORIENTED_EDGE('',*,*,#816,.F.);
#1054=ORIENTED_EDGE('',*,*,#815,.F.);
#1055=ORIENTED_EDGE('',*,*,#714,.T.);
#1056=ORIENTED_EDGE('',*,*,#718,.T.);
#1057=ORIENTED_EDGE('',*,*,#721,.T.);
#1058=ORIENTED_EDGE('',*,*,#724,.T.);
#1059=ORIENTED_EDGE('',*,*,#738,.T.);
#1060=ORIENTED_EDGE('',*,*,#742,.T.);
#1061=ORIENTED_EDGE('',*,*,#745,.T.);
#1062=ORIENTED_EDGE('',*,*,#748,.T.);
#1063=ORIENTED_EDGE('',*,*,#762,.T.);
#1064=ORIENTED_EDGE('',*,*,#766,.T.);
#1065=ORIENTED_EDGE('',*,*,#769,.T.);
#1066=ORIENTED_EDGE('',*,*,#772,.T.);
#1067=ORIENTED_EDGE('',*,*,#786,.T.);
#1068=ORIENTED_EDGE('',*,*,#790,.T.);
#1069=ORIENTED_EDGE('',*,*,#793,.T.);
#1070=ORIENTED_EDGE('',*,*,#796,.T.);
#1071=ORIENTED_EDGE('',*,*,#817,.F.);
#1072=ORIENTED_EDGE('',*,*,#818,.T.);
#1073=ORIENTED_EDGE('',*,*,#799,.F.);
#1074=ORIENTED_EDGE('',*,*,#819,.F.);
#1075=ORIENTED_EDGE('',*,*,#820,.F.);
#1076=ORIENTED_EDGE('',*,*,#819,.T.);
#1077=ORIENTED_EDGE('',*,*,#798,.F.);
#1078=ORIENTED_EDGE('',*,*,#821,.F.);
#1079=ORIENTED_EDGE('',*,*,#822,.F.);
#1080=ORIENTED_EDGE('',*,*,#821,.T.);
#1081=ORIENTED_EDGE('',*,*,#809,.F.);
#1082=ORIENTED_EDGE('',*,*,#823,.F.);
#1083=ORIENTED_EDGE('',*,*,#824,.F.);
#1084=ORIENTED_EDGE('',*,*,#823,.T.);
#1085=ORIENTED_EDGE('',*,*,#808,.F.);
#1086=ORIENTED_EDGE('',*,*,#825,.F.);
#1087=ORIENTED_EDGE('',*,*,#826,.F.);
#1088=ORIENTED_EDGE('',*,*,#825,.T.);
#1089=ORIENTED_EDGE('',*,*,#807,.F.);
#1090=ORIENTED_EDGE('',*,*,#827,.F.);
#1091=ORIENTED_EDGE('',*,*,#828,.F.);
#1092=ORIENTED_EDGE('',*,*,#827,.T.);
#1093=ORIENTED_EDGE('',*,*,#806,.F.);
#1094=ORIENTED_EDGE('',*,*,#829,.F.);
#1095=ORIENTED_EDGE('',*,*,#830,.F.);
#1096=ORIENTED_EDGE('',*,*,#829,.T.);
#1097=ORIENTED_EDGE('',*,*,#805,.F.);
#1098=ORIENTED_EDGE('',*,*,#831,.F.);
#1099=ORIENTED_EDGE('',*,*,#832,.F.);
#1100=ORIENTED_EDGE('',*,*,#831,.T.);
#1101=ORIENTED_EDGE('',*,*,#804,.F.);
#1102=ORIENTED_EDGE('',*,*,#833,.F.);
#1103=ORIENTED_EDGE('',*,*,#834,.F.);
#1104=ORIENTED_EDGE('',*,*,#833,.T.);
#1105=ORIENTED_EDGE('',*,*,#803,.F.);
#1106=ORIENTED_EDGE('',*,*,#835,.F.);
#1107=ORIENTED_EDGE('',*,*,#836,.F.);
#1108=ORIENTED_EDGE('',*,*,#835,.T.);
#1109=ORIENTED_EDGE('',*,*,#802,.F.);
#1110=ORIENTED_EDGE('',*,*,#837,.F.);
#1111=ORIENTED_EDGE('',*,*,#838,.F.);
#1112=ORIENTED_EDGE('',*,*,#837,.T.);
#1113=ORIENTED_EDGE('',*,*,#801,.F.);
#1114=ORIENTED_EDGE('',*,*,#839,.F.);
#1115=ORIENTED_EDGE('',*,*,#840,.F.);
#1116=ORIENTED_EDGE('',*,*,#839,.T.);
#1117=ORIENTED_EDGE('',*,*,#800,.F.);
#1118=ORIENTED_EDGE('',*,*,#818,.F.);
#1119=ORIENTED_EDGE('',*,*,#841,.F.);
#1120=ORIENTED_EDGE('',*,*,#842,.T.);
#1121=ORIENTED_EDGE('',*,*,#727,.F.);
#1122=ORIENTED_EDGE('',*,*,#843,.F.);
#1123=ORIENTED_EDGE('',*,*,#844,.F.);
#1124=ORIENTED_EDGE('',*,*,#843,.T.);
#1125=ORIENTED_EDGE('',*,*,#726,.F.);
#1126=ORIENTED_EDGE('',*,*,#845,.F.);
#1127=ORIENTED_EDGE('',*,*,#846,.F.);
#1128=ORIENTED_EDGE('',*,*,#845,.T.);
#1129=ORIENTED_EDGE('',*,*,#737,.F.);
#1130=ORIENTED_EDGE('',*,*,#847,.F.);
#1131=ORIENTED_EDGE('',*,*,#848,.F.);
#1132=ORIENTED_EDGE('',*,*,#847,.T.);
#1133=ORIENTED_EDGE('',*,*,#736,.F.);
#1134=ORIENTED_EDGE('',*,*,#849,.F.);
#1135=ORIENTED_EDGE('',*,*,#850,.F.);
#1136=ORIENTED_EDGE('',*,*,#849,.T.);
#1137=ORIENTED_EDGE('',*,*,#735,.F.);
#1138=ORIENTED_EDGE('',*,*,#851,.F.);
#1139=ORIENTED_EDGE('',*,*,#852,.F.);
#1140=ORIENTED_EDGE('',*,*,#851,.T.);
#1141=ORIENTED_EDGE('',*,*,#734,.F.);
#1142=ORIENTED_EDGE('',*,*,#853,.F.);
#1143=ORIENTED_EDGE('',*,*,#854,.F.);
#1144=ORIENTED_EDGE('',*,*,#853,.T.);
#1145=ORIENTED_EDGE('',*,*,#733,.F.);
#1146=ORIENTED_EDGE('',*,*,#855,.F.);
#1147=ORIENTED_EDGE('',*,*,#856,.F.);
#1148=ORIENTED_EDGE('',*,*,#855,.T.);
#1149=ORIENTED_EDGE('',*,*,#732,.F.);
#1150=ORIENTED_EDGE('',*,*,#857,.F.);
#1151=ORIENTED_EDGE('',*,*,#858,.F.);
#1152=ORIENTED_EDGE('',*,*,#857,.T.);
#1153=ORIENTED_EDGE('',*,*,#731,.F.);
#1154=ORIENTED_EDGE('',*,*,#859,.F.);
#1155=ORIENTED_EDGE('',*,*,#860,.F.);
#1156=ORIENTED_EDGE('',*,*,#859,.T.);
#1157=ORIENTED_EDGE('',*,*,#730,.F.);
#1158=ORIENTED_EDGE('',*,*,#861,.F.);
#1159=ORIENTED_EDGE('',*,*,#862,.F.);
#1160=ORIENTED_EDGE('',*,*,#861,.T.);
#1161=ORIENTED_EDGE('',*,*,#729,.F.);
#1162=ORIENTED_EDGE('',*,*,#863,.F.);
#1163=ORIENTED_EDGE('',*,*,#864,.F.);
#1164=ORIENTED_EDGE('',*,*,#863,.T.);
#1165=ORIENTED_EDGE('',*,*,#728,.F.);
#1166=ORIENTED_EDGE('',*,*,#842,.F.);
#1167=ORIENTED_EDGE('',*,*,#865,.F.);
#1168=ORIENTED_EDGE('',*,*,#866,.T.);
#1169=ORIENTED_EDGE('',*,*,#775,.F.);
#1170=ORIENTED_EDGE('',*,*,#867,.F.);
#1171=ORIENTED_EDGE('',*,*,#868,.F.);
#1172=ORIENTED_EDGE('',*,*,#867,.T.);
#1173=ORIENTED_EDGE('',*,*,#774,.F.);
#1174=ORIENTED_EDGE('',*,*,#869,.F.);
#1175=ORIENTED_EDGE('',*,*,#870,.F.);
#1176=ORIENTED_EDGE('',*,*,#869,.T.);
#1177=ORIENTED_EDGE('',*,*,#785,.F.);
#1178=ORIENTED_EDGE('',*,*,#871,.F.);
#1179=ORIENTED_EDGE('',*,*,#872,.F.);
#1180=ORIENTED_EDGE('',*,*,#871,.T.);
#1181=ORIENTED_EDGE('',*,*,#784,.F.);
#1182=ORIENTED_EDGE('',*,*,#873,.F.);
#1183=ORIENTED_EDGE('',*,*,#874,.F.);
#1184=ORIENTED_EDGE('',*,*,#873,.T.);
#1185=ORIENTED_EDGE('',*,*,#783,.F.);
#1186=ORIENTED_EDGE('',*,*,#875,.F.);
#1187=ORIENTED_EDGE('',*,*,#876,.F.);
#1188=ORIENTED_EDGE('',*,*,#875,.T.);
#1189=ORIENTED_EDGE('',*,*,#782,.F.);
#1190=ORIENTED_EDGE('',*,*,#877,.F.);
#1191=ORIENTED_EDGE('',*,*,#878,.F.);
#1192=ORIENTED_EDGE('',*,*,#877,.T.);
#1193=ORIENTED_EDGE('',*,*,#781,.F.);
#1194=ORIENTED_EDGE('',*,*,#879,.F.);
#1195=ORIENTED_EDGE('',*,*,#880,.F.);
#1196=ORIENTED_EDGE('',*,*,#879,.T.);
#1197=ORIENTED_EDGE('',*,*,#780,.F.);
#1198=ORIENTED_EDGE('',*,*,#881,.F.);
#1199=ORIENTED_EDGE('',*,*,#882,.F.);
#1200=ORIENTED_EDGE('',*,*,#881,.T.);
#1201=ORIENTED_EDGE('',*,*,#779,.F.);
#1202=ORIENTED_EDGE('',*,*,#883,.F.);
#1203=ORIENTED_EDGE('',*,*,#884,.F.);
#1204=ORIENTED_EDGE('',*,*,#883,.T.);
#1205=ORIENTED_EDGE('',*,*,#778,.F.);
#1206=ORIENTED_EDGE('',*,*,#885,.F.);
#1207=ORIENTED_EDGE('',*,*,#886,.F.);
#1208=ORIENTED_EDGE('',*,*,#885,.T.);
#1209=ORIENTED_EDGE('',*,*,#777,.F.);
#1210=ORIENTED_EDGE('',*,*,#887,.F.);
#1211=ORIENTED_EDGE('',*,*,#888,.F.);
#1212=ORIENTED_EDGE('',*,*,#887,.T.);
#1213=ORIENTED_EDGE('',*,*,#776,.F.);
#1214=ORIENTED_EDGE('',*,*,#866,.F.);
#1215=ORIENTED_EDGE('',*,*,#889,.F.);
#1216=ORIENTED_EDGE('',*,*,#890,.T.);
#1217=ORIENTED_EDGE('',*,*,#751,.F.);
#1218=ORIENTED_EDGE('',*,*,#891,.F.);
#1219=ORIENTED_EDGE('',*,*,#892,.F.);
#1220=ORIENTED_EDGE('',*,*,#891,.T.);
#1221=ORIENTED_EDGE('',*,*,#750,.F.);
#1222=ORIENTED_EDGE('',*,*,#893,.F.);
#1223=ORIENTED_EDGE('',*,*,#894,.F.);
#1224=ORIENTED_EDGE('',*,*,#893,.T.);
#1225=ORIENTED_EDGE('',*,*,#761,.F.);
#1226=ORIENTED_EDGE('',*,*,#895,.F.);
#1227=ORIENTED_EDGE('',*,*,#896,.F.);
#1228=ORIENTED_EDGE('',*,*,#895,.T.);
#1229=ORIENTED_EDGE('',*,*,#760,.F.);
#1230=ORIENTED_EDGE('',*,*,#897,.F.);
#1231=ORIENTED_EDGE('',*,*,#898,.F.);
#1232=ORIENTED_EDGE('',*,*,#897,.T.);
#1233=ORIENTED_EDGE('',*,*,#759,.F.);
#1234=ORIENTED_EDGE('',*,*,#899,.F.);
#1235=ORIENTED_EDGE('',*,*,#900,.F.);
#1236=ORIENTED_EDGE('',*,*,#899,.T.);
#1237=ORIENTED_EDGE('',*,*,#758,.F.);
#1238=ORIENTED_EDGE('',*,*,#901,.F.);
#1239=ORIENTED_EDGE('',*,*,#902,.F.);
#1240=ORIENTED_EDGE('',*,*,#901,.T.);
#1241=ORIENTED_EDGE('',*,*,#757,.F.);
#1242=ORIENTED_EDGE('',*,*,#903,.F.);
#1243=ORIENTED_EDGE('',*,*,#904,.F.);
#1244=ORIENTED_EDGE('',*,*,#903,.T.);
#1245=ORIENTED_EDGE('',*,*,#756,.F.);
#1246=ORIENTED_EDGE('',*,*,#905,.F.);
#1247=ORIENTED_EDGE('',*,*,#906,.F.);
#1248=ORIENTED_EDGE('',*,*,#905,.T.);
#1249=ORIENTED_EDGE('',*,*,#755,.F.);
#1250=ORIENTED_EDGE('',*,*,#907,.F.);
#1251=ORIENTED_EDGE('',*,*,#908,.F.);
#1252=ORIENTED_EDGE('',*,*,#907,.T.);
#1253=ORIENTED_EDGE('',*,*,#754,.F.);
#1254=ORIENTED_EDGE('',*,*,#909,.F.);
#1255=ORIENTED_EDGE('',*,*,#910,.F.);
#1256=ORIENTED_EDGE('',*,*,#909,.T.);
#1257=ORIENTED_EDGE('',*,*,#753,.F.);
#1258=ORIENTED_EDGE('',*,*,#911,.F.);
#1259=ORIENTED_EDGE('',*,*,#912,.F.);
#1260=ORIENTED_EDGE('',*,*,#911,.T.);
#1261=ORIENTED_EDGE('',*,*,#752,.F.);
#1262=ORIENTED_EDGE('',*,*,#890,.F.);
#1263=ORIENTED_EDGE('',*,*,#889,.T.);
#1264=ORIENTED_EDGE('',*,*,#892,.T.);
#1265=ORIENTED_EDGE('',*,*,#894,.T.);
#1266=ORIENTED_EDGE('',*,*,#896,.T.);
#1267=ORIENTED_EDGE('',*,*,#898,.T.);
#1268=ORIENTED_EDGE('',*,*,#900,.T.);
#1269=ORIENTED_EDGE('',*,*,#902,.T.);
#1270=ORIENTED_EDGE('',*,*,#904,.T.);
#1271=ORIENTED_EDGE('',*,*,#906,.T.);
#1272=ORIENTED_EDGE('',*,*,#908,.T.);
#1273=ORIENTED_EDGE('',*,*,#910,.T.);
#1274=ORIENTED_EDGE('',*,*,#912,.T.);
#1275=ORIENTED_EDGE('',*,*,#865,.T.);
#1276=ORIENTED_EDGE('',*,*,#868,.T.);
#1277=ORIENTED_EDGE('',*,*,#870,.T.);
#1278=ORIENTED_EDGE('',*,*,#872,.T.);
#1279=ORIENTED_EDGE('',*,*,#874,.T.);
#1280=ORIENTED_EDGE('',*,*,#876,.T.);
#1281=ORIENTED_EDGE('',*,*,#878,.T.);
#1282=ORIENTED_EDGE('',*,*,#880,.T.);
#1283=ORIENTED_EDGE('',*,*,#882,.T.);
#1284=ORIENTED_EDGE('',*,*,#884,.T.);
#1285=ORIENTED_EDGE('',*,*,#886,.T.);
#1286=ORIENTED_EDGE('',*,*,#888,.T.);
#1287=ORIENTED_EDGE('',*,*,#841,.T.);
#1288=ORIENTED_EDGE('',*,*,#844,.T.);
#1289=ORIENTED_EDGE('',*,*,#846,.T.);
#1290=ORIENTED_EDGE('',*,*,#848,.T.);
#1291=ORIENTED_EDGE('',*,*,#850,.T.);
#1292=ORIENTED_EDGE('',*,*,#852,.T.);
#1293=ORIENTED_EDGE('',*,*,#854,.T.);
#1294=ORIENTED_EDGE('',*,*,#856,.T.);
#1295=ORIENTED_EDGE('',*,*,#858,.T.);
#1296=ORIENTED_EDGE('',*,*,#860,.T.);
#1297=ORIENTED_EDGE('',*,*,#862,.T.);
#1298=ORIENTED_EDGE('',*,*,#864,.T.);
#1299=ORIENTED_EDGE('',*,*,#817,.T.);
#1300=ORIENTED_EDGE('',*,*,#820,.T.);
#1301=ORIENTED_EDGE('',*,*,#822,.T.);
#1302=ORIENTED_EDGE('',*,*,#824,.T.);
#1303=ORIENTED_EDGE('',*,*,#826,.T.);
#1304=ORIENTED_EDGE('',*,*,#828,.T.);
#1305=ORIENTED_EDGE('',*,*,#830,.T.);
#1306=ORIENTED_EDGE('',*,*,#832,.T.);
#1307=ORIENTED_EDGE('',*,*,#834,.T.);
#1308=ORIENTED_EDGE('',*,*,#836,.T.);
#1309=ORIENTED_EDGE('',*,*,#838,.T.);
#1310=ORIENTED_EDGE('',*,*,#840,.T.);
#1311=PLANE('',#1464);
#1312=PLANE('',#1465);
#1313=PLANE('',#1466);
#1314=PLANE('',#1467);
#1315=PLANE('',#1468);
#1316=PLANE('',#1469);
#1317=PLANE('',#1470);
#1318=PLANE('',#1471);
#1319=PLANE('',#1472);
#1320=PLANE('',#1473);
#1321=PLANE('',#1474);
#1322=PLANE('',#1475);
#1323=PLANE('',#1476);
#1324=PLANE('',#1477);
#1325=PLANE('',#1478);
#1326=PLANE('',#1479);
#1327=PLANE('',#1480);
#1328=PLANE('',#1481);
#1329=PLANE('',#1482);
#1330=PLANE('',#1483);
#1331=PLANE('',#1489);
#1332=PLANE('',#1492);
#1333=PLANE('',#1493);
#1334=PLANE('',#1494);
#1335=PLANE('',#1495);
#1336=PLANE('',#1496);
#1337=PLANE('',#1497);
#1338=PLANE('',#1498);
#1339=PLANE('',#1499);
#1340=PLANE('',#1500);
#1341=PLANE('',#1501);
#1342=PLANE('',#1502);
#1343=PLANE('',#1503);
#1344=PLANE('',#1504);
#1345=PLANE('',#1505);
#1346=PLANE('',#1506);
#1347=PLANE('',#1507);
#1348=PLANE('',#1508);
#1349=PLANE('',#1509);
#1350=PLANE('',#1510);
#1351=PLANE('',#1511);
#1352=PLANE('',#1512);
#1353=PLANE('',#1513);
#1354=PLANE('',#1514);
#1355=PLANE('',#1515);
#1356=PLANE('',#1516);
#1357=PLANE('',#1517);
#1358=PLANE('',#1518);
#1359=PLANE('',#1519);
#1360=PLANE('',#1520);
#1361=PLANE('',#1521);
#1362=PLANE('',#1522);
#1363=PLANE('',#1523);
#1364=PLANE('',#1524);
#1365=PLANE('',#1525);
#1366=PLANE('',#1526);
#1367=PLANE('',#1527);
#1368=PLANE('',#1528);
#1369=PLANE('',#1529);
#1370=PLANE('',#1530);
#1371=PLANE('',#1531);
#1372=PLANE('',#1532);
#1373=PLANE('',#1533);
#1374=PLANE('',#1534);
#1375=PLANE('',#1535);
#1376=PLANE('',#1536);
#1377=PLANE('',#1537);
#1378=PLANE('',#1538);
#1379=PLANE('',#1539);
#1380=PLANE('',#1540);
#1381=PLANE('',#1541);
#1382=PLANE('',#1542);
#1383=PLANE('',#1543);
#1384=PLANE('',#1544);
#1385=ADVANCED_FACE('',(#30),#1311,.T.);
#1386=ADVANCED_FACE('',(#31),#1312,.T.);
#1387=ADVANCED_FACE('',(#32),#1313,.T.);
#1388=ADVANCED_FACE('',(#33),#1314,.T.);
#1389=ADVANCED_FACE('',(#34,#22),#1315,.T.);
#1390=ADVANCED_FACE('',(#35),#1316,.T.);
#1391=ADVANCED_FACE('',(#36),#1317,.T.);
#1392=ADVANCED_FACE('',(#37),#1318,.T.);
#1393=ADVANCED_FACE('',(#38),#1319,.T.);
#1394=ADVANCED_FACE('',(#39,#23),#1320,.T.);
#1395=ADVANCED_FACE('',(#40),#1321,.T.);
#1396=ADVANCED_FACE('',(#41),#1322,.T.);
#1397=ADVANCED_FACE('',(#42),#1323,.T.);
#1398=ADVANCED_FACE('',(#43),#1324,.T.);
#1399=ADVANCED_FACE('',(#44,#24),#1325,.T.);
#1400=ADVANCED_FACE('',(#45),#1326,.T.);
#1401=ADVANCED_FACE('',(#46),#1327,.T.);
#1402=ADVANCED_FACE('',(#47),#1328,.T.);
#1403=ADVANCED_FACE('',(#48),#1329,.T.);
#1404=ADVANCED_FACE('',(#49,#25),#1330,.T.);
#1405=ADVANCED_FACE('',(#50),#20,.T.);
#1406=ADVANCED_FACE('',(#51),#15,.T.);
#1407=ADVANCED_FACE('',(#52),#1331,.T.);
#1408=ADVANCED_FACE('',(#53),#21,.T.);
#1409=ADVANCED_FACE('',(#54,#26,#27,#28,#29),#1332,.F.);
#1410=ADVANCED_FACE('',(#55),#1333,.T.);
#1411=ADVANCED_FACE('',(#56),#1334,.T.);
#1412=ADVANCED_FACE('',(#57),#1335,.T.);
#1413=ADVANCED_FACE('',(#58),#1336,.T.);
#1414=ADVANCED_FACE('',(#59),#1337,.T.);
#1415=ADVANCED_FACE('',(#60),#1338,.T.);
#1416=ADVANCED_FACE('',(#61),#1339,.T.);
#1417=ADVANCED_FACE('',(#62),#1340,.T.);
#1418=ADVANCED_FACE('',(#63),#1341,.T.);
#1419=ADVANCED_FACE('',(#64),#1342,.T.);
#1420=ADVANCED_FACE('',(#65),#1343,.T.);
#1421=ADVANCED_FACE('',(#66),#1344,.T.);
#1422=ADVANCED_FACE('',(#67),#1345,.T.);
#1423=ADVANCED_FACE('',(#68),#1346,.T.);
#1424=ADVANCED_FACE('',(#69),#1347,.T.);
#1425=ADVANCED_FACE('',(#70),#1348,.T.);
#1426=ADVANCED_FACE('',(#71),#1349,.T.);
#1427=ADVANCED_FACE('',(#72),#1350,.T.);
#1428=ADVANCED_FACE('',(#73),#1351,.T.);
#1429=ADVANCED_FACE('',(#74),#1352,.T.);
#1430=ADVANCED_FACE('',(#75),#1353,.T.);
#1431=ADVANCED_FACE('',(#76),#1354,.T.);
#1432=ADVANCED_FACE('',(#77),#1355,.T.);
#1433=ADVANCED_FACE('',(#78),#1356,.T.);
#1434=ADVANCED_FACE('',(#79),#1357,.T.);
#1435=ADVANCED_FACE('',(#80),#1358,.T.);
#1436=ADVANCED_FACE('',(#81),#1359,.T.);
#1437=ADVANCED_FACE('',(#82),#1360,.T.);
#1438=ADVANCED_FACE('',(#83),#1361,.T.);
#1439=ADVANCED_FACE('',(#84),#1362,.T.);
#1440=ADVANCED_FACE('',(#85),#1363,.T.);
#1441=ADVANCED_FACE('',(#86),#1364,.T.);
#1442=ADVANCED_FACE('',(#87),#1365,.T.);
#1443=ADVANCED_FACE('',(#88),#1366,.T.);
#1444=ADVANCED_FACE('',(#89),#1367,.T.);
#1445=ADVANCED_FACE('',(#90),#1368,.T.);
#1446=ADVANCED_FACE('',(#91),#1369,.T.);
#1447=ADVANCED_FACE('',(#92),#1370,.T.);
#1448=ADVANCED_FACE('',(#93),#1371,.T.);
#1449=ADVANCED_FACE('',(#94),#1372,.T.);
#1450=ADVANCED_FACE('',(#95),#1373,.T.);
#1451=ADVANCED_FACE('',(#96),#1374,.T.);
#1452=ADVANCED_FACE('',(#97),#1375,.T.);
#1453=ADVANCED_FACE('',(#98),#1376,.T.);
#1454=ADVANCED_FACE('',(#99),#1377,.T.);
#1455=ADVANCED_FACE('',(#100),#1378,.T.);
#1456=ADVANCED_FACE('',(#101),#1379,.T.);
#1457=ADVANCED_FACE('',(#102),#1380,.T.);
#1458=ADVANCED_FACE('',(#103),#1381,.F.);
#1459=ADVANCED_FACE('',(#104),#1382,.F.);
#1460=ADVANCED_FACE('',(#105),#1383,.F.);
#1461=ADVANCED_FACE('',(#106),#1384,.F.);
#1462=CLOSED_SHELL('',(#1385,#1386,#1387,#1388,#1389,#1390,#1391,#1392,
#1393,#1394,#1395,#1396,#1397,#1398,#1399,#1400,#1401,#1402,#1403,#1404,
#1405,#1406,#1407,#1408,#1409,#1410,#1411,#1412,#1413,#1414,#1415,#1416,
#1417,#1418,#1419,#1420,#1421,#1422,#1423,#1424,#1425,#1426,#1427,#1428,
#1429,#1430,#1431,#1432,#1433,#1434,#1435,#1436,#1437,#1438,#1439,#1440,
#1441,#1442,#1443,#1444,#1445,#1446,#1447,#1448,#1449,#1450,#1451,#1452,
#1453,#1454,#1455,#1456,#1457,#1458,#1459,#1460,#1461));
#1463=AXIS2_PLACEMENT_3D('',#1904,#1545,#1546);
#1464=AXIS2_PLACEMENT_3D('',#1905,#1547,#1548);
#1465=AXIS2_PLACEMENT_3D('',#1914,#1553,#1554);
#1466=AXIS2_PLACEMENT_3D('',#1920,#1558,#1559);
#1467=AXIS2_PLACEMENT_3D('',#1926,#1563,#1564);
#1468=AXIS2_PLACEMENT_3D('',#1929,#1567,#1568);
#1469=AXIS2_PLACEMENT_3D('',#1954,#1581,#1582);
#1470=AXIS2_PLACEMENT_3D('',#1963,#1587,#1588);
#1471=AXIS2_PLACEMENT_3D('',#1969,#1592,#1593);
#1472=AXIS2_PLACEMENT_3D('',#1975,#1597,#1598);
#1473=AXIS2_PLACEMENT_3D('',#1978,#1601,#1602);
#1474=AXIS2_PLACEMENT_3D('',#2003,#1615,#1616);
#1475=AXIS2_PLACEMENT_3D('',#2012,#1621,#1622);
#1476=AXIS2_PLACEMENT_3D('',#2018,#1626,#1627);
#1477=AXIS2_PLACEMENT_3D('',#2024,#1631,#1632);
#1478=AXIS2_PLACEMENT_3D('',#2027,#1635,#1636);
#1479=AXIS2_PLACEMENT_3D('',#2052,#1649,#1650);
#1480=AXIS2_PLACEMENT_3D('',#2061,#1655,#1656);
#1481=AXIS2_PLACEMENT_3D('',#2067,#1660,#1661);
#1482=AXIS2_PLACEMENT_3D('',#2073,#1665,#1666);
#1483=AXIS2_PLACEMENT_3D('',#2076,#1669,#1670);
#1484=AXIS2_PLACEMENT_3D('',#2101,#1683,#1684);
#1485=AXIS2_PLACEMENT_3D('',#2103,#1685,#1686);
#1486=AXIS2_PLACEMENT_3D('',#2106,#1688,#1689);
#1487=AXIS2_PLACEMENT_3D('',#2107,#1690,#1691);
#1488=AXIS2_PLACEMENT_3D('',#2110,#1693,#1694);
#1489=AXIS2_PLACEMENT_3D('',#2111,#1695,#1696);
#1490=AXIS2_PLACEMENT_3D('',#2112,#1697,#1698);
#1491=AXIS2_PLACEMENT_3D('',#2114,#1699,#1700);
#1492=AXIS2_PLACEMENT_3D('',#2116,#1702,#1703);
#1493=AXIS2_PLACEMENT_3D('',#2117,#1704,#1705);
#1494=AXIS2_PLACEMENT_3D('',#2123,#1709,#1710);
#1495=AXIS2_PLACEMENT_3D('',#2127,#1713,#1714);
#1496=AXIS2_PLACEMENT_3D('',#2131,#1717,#1718);
#1497=AXIS2_PLACEMENT_3D('',#2135,#1721,#1722);
#1498=AXIS2_PLACEMENT_3D('',#2139,#1725,#1726);
#1499=AXIS2_PLACEMENT_3D('',#2143,#1729,#1730);
#1500=AXIS2_PLACEMENT_3D('',#2147,#1733,#1734);
#1501=AXIS2_PLACEMENT_3D('',#2151,#1737,#1738);
#1502=AXIS2_PLACEMENT_3D('',#2155,#1741,#1742);
#1503=AXIS2_PLACEMENT_3D('',#2159,#1745,#1746);
#1504=AXIS2_PLACEMENT_3D('',#2163,#1749,#1750);
#1505=AXIS2_PLACEMENT_3D('',#2165,#1752,#1753);
#1506=AXIS2_PLACEMENT_3D('',#2171,#1757,#1758);
#1507=AXIS2_PLACEMENT_3D('',#2175,#1761,#1762);
#1508=AXIS2_PLACEMENT_3D('',#2179,#1765,#1766);
#1509=AXIS2_PLACEMENT_3D('',#2183,#1769,#1770);
#1510=AXIS2_PLACEMENT_3D('',#2187,#1773,#1774);
#1511=AXIS2_PLACEMENT_3D('',#2191,#1777,#1778);
#1512=AXIS2_PLACEMENT_3D('',#2195,#1781,#1782);
#1513=AXIS2_PLACEMENT_3D('',#2199,#1785,#1786);
#1514=AXIS2_PLACEMENT_3D('',#2203,#1789,#1790);
#1515=AXIS2_PLACEMENT_3D('',#2207,#1793,#1794);
#1516=AXIS2_PLACEMENT_3D('',#2211,#1797,#1798);
#1517=AXIS2_PLACEMENT_3D('',#2213,#1800,#1801);
#1518=AXIS2_PLACEMENT_3D('',#2219,#1805,#1806);
#1519=AXIS2_PLACEMENT_3D('',#2223,#1809,#1810);
#1520=AXIS2_PLACEMENT_3D('',#2227,#1813,#1814);
#1521=AXIS2_PLACEMENT_3D('',#2231,#1817,#1818);
#1522=AXIS2_PLACEMENT_3D('',#2235,#1821,#1822);
#1523=AXIS2_PLACEMENT_3D('',#2239,#1825,#1826);
#1524=AXIS2_PLACEMENT_3D('',#2243,#1829,#1830);
#1525=AXIS2_PLACEMENT_3D('',#2247,#1833,#1834);
#1526=AXIS2_PLACEMENT_3D('',#2251,#1837,#1838);
#1527=AXIS2_PLACEMENT_3D('',#2255,#1841,#1842);
#1528=AXIS2_PLACEMENT_3D('',#2259,#1845,#1846);
#1529=AXIS2_PLACEMENT_3D('',#2261,#1848,#1849);
#1530=AXIS2_PLACEMENT_3D('',#2267,#1853,#1854);
#1531=AXIS2_PLACEMENT_3D('',#2271,#1857,#1858);
#1532=AXIS2_PLACEMENT_3D('',#2275,#1861,#1862);
#1533=AXIS2_PLACEMENT_3D('',#2279,#1865,#1866);
#1534=AXIS2_PLACEMENT_3D('',#2283,#1869,#1870);
#1535=AXIS2_PLACEMENT_3D('',#2287,#1873,#1874);
#1536=AXIS2_PLACEMENT_3D('',#2291,#1877,#1878);
#1537=AXIS2_PLACEMENT_3D('',#2295,#1881,#1882);
#1538=AXIS2_PLACEMENT_3D('',#2299,#1885,#1886);
#1539=AXIS2_PLACEMENT_3D('',#2303,#1889,#1890);
#1540=AXIS2_PLACEMENT_3D('',#2307,#1893,#1894);
#1541=AXIS2_PLACEMENT_3D('',#2309,#1896,#1897);
#1542=AXIS2_PLACEMENT_3D('',#2310,#1898,#1899);
#1543=AXIS2_PLACEMENT_3D('',#2311,#1900,#1901);
#1544=AXIS2_PLACEMENT_3D('',#2312,#1902,#1903);
#1545=DIRECTION('axis',(0.,0.,1.));
#1546=DIRECTION('refdir',(1.,0.,0.));
#1547=DIRECTION('center_axis',(0.866025403784439,0.5,0.));
#1548=DIRECTION('ref_axis',(0.5,-0.866025403784439,0.));
#1549=DIRECTION('',(-0.5,0.866025403784439,0.));
#1550=DIRECTION('',(0.,0.,-1.));
#1551=DIRECTION('',(0.5,-0.866025403784439,0.));
#1552=DIRECTION('',(0.,0.,-1.));
#1553=DIRECTION('center_axis',(-0.5,0.866025403784439,0.));
#1554=DIRECTION('ref_axis',(0.866025403784439,0.5,0.));
#1555=DIRECTION('',(-0.866025403784439,-0.5,0.));
#1556=DIRECTION('',(0.866025403784439,0.5,0.));
#1557=DIRECTION('',(0.,0.,-1.));
#1558=DIRECTION('center_axis',(-0.866025403784439,-0.5,0.));
#1559=DIRECTION('ref_axis',(-0.5,0.866025403784439,0.));
#1560=DIRECTION('',(0.5,-0.866025403784439,0.));
#1561=DIRECTION('',(-0.5,0.866025403784439,0.));
#1562=DIRECTION('',(0.,0.,-1.));
#1563=DIRECTION('center_axis',(0.5,-0.866025403784439,0.));
#1564=DIRECTION('ref_axis',(-0.866025403784439,-0.5,0.));
#1565=DIRECTION('',(0.866025403784439,0.5,0.));
#1566=DIRECTION('',(-0.866025403784439,-0.5,0.));
#1567=DIRECTION('center_axis',(0.,0.,-1.));
#1568=DIRECTION('ref_axis',(-1.,0.,0.));
#1569=DIRECTION('',(0.866025403784437,0.500000000000003,0.));
#1570=DIRECTION('',(0.5,-0.866025403784439,0.));
#1571=DIRECTION('',(0.866025403784439,0.5,0.));
#1572=DIRECTION('',(-0.5,0.866025403784439,0.));
#1573=DIRECTION('',(0.866025403784439,0.5,0.));
#1574=DIRECTION('',(-0.499999999999999,0.866025403784439,0.));
#1575=DIRECTION('',(-0.86602540378444,-0.499999999999999,0.));
#1576=DIRECTION('',(-0.5,0.866025403784439,0.));
#1577=DIRECTION('',(-0.866025403784439,-0.5,0.));
#1578=DIRECTION('',(0.499999999999999,-0.866025403784439,0.));
#1579=DIRECTION('',(-0.866025403784439,-0.5,0.));
#1580=DIRECTION('',(0.500000000000004,-0.866025403784436,0.));
#1581=DIRECTION('center_axis',(-0.866025403784439,0.5,0.));
#1582=DIRECTION('ref_axis',(0.5,0.866025403784439,0.));
#1583=DIRECTION('',(-0.5,-0.866025403784439,0.));
#1584=DIRECTION('',(0.,0.,-1.));
#1585=DIRECTION('',(0.5,0.866025403784439,0.));
#1586=DIRECTION('',(0.,0.,-1.));
#1587=DIRECTION('center_axis',(-0.500000000000001,-0.866025403784438,0.));
#1588=DIRECTION('ref_axis',(-0.866025403784438,0.500000000000001,0.));
#1589=DIRECTION('',(0.866025403784438,-0.500000000000001,0.));
#1590=DIRECTION('',(-0.866025403784438,0.500000000000001,0.));
#1591=DIRECTION('',(0.,0.,-1.));
#1592=DIRECTION('center_axis',(0.866025403784439,-0.5,0.));
#1593=DIRECTION('ref_axis',(-0.5,-0.866025403784439,0.));
#1594=DIRECTION('',(0.5,0.866025403784439,0.));
#1595=DIRECTION('',(-0.5,-0.866025403784439,0.));
#1596=DIRECTION('',(0.,0.,-1.));
#1597=DIRECTION('center_axis',(0.500000000000001,0.866025403784438,0.));
#1598=DIRECTION('ref_axis',(0.866025403784438,-0.500000000000001,0.));
#1599=DIRECTION('',(-0.866025403784438,0.500000000000001,0.));
#1600=DIRECTION('',(0.866025403784438,-0.500000000000001,0.));
#1601=DIRECTION('center_axis',(0.,0.,-1.));
#1602=DIRECTION('ref_axis',(-1.,0.,0.));
#1603=DIRECTION('',(0.86602540378444,-0.499999999999998,0.));
#1604=DIRECTION('',(0.5,0.866025403784439,0.));
#1605=DIRECTION('',(0.866025403784439,-0.5,0.));
#1606=DIRECTION('',(0.499999999999998,0.86602540378444,0.));
#1607=DIRECTION('',(-0.866025403784439,0.5,0.));
#1608=DIRECTION('',(0.5,0.866025403784439,0.));
#1609=DIRECTION('',(-0.86602540378444,0.499999999999998,0.));
#1610=DIRECTION('',(-0.5,-0.866025403784438,0.));
#1611=DIRECTION('',(-0.866025403784438,0.500000000000001,0.));
#1612=DIRECTION('',(-0.499999999999999,-0.866025403784439,0.));
#1613=DIRECTION('',(0.866025403784437,-0.500000000000003,0.));
#1614=DIRECTION('',(-0.500000000000002,-0.866025403784437,0.));
#1615=DIRECTION('center_axis',(0.,-1.,0.));
#1616=DIRECTION('ref_axis',(-1.,0.,0.));
#1617=DIRECTION('',(1.,0.,0.));
#1618=DIRECTION('',(0.,0.,-1.));
#1619=DIRECTION('',(-1.,0.,0.));
#1620=DIRECTION('',(0.,0.,-1.));
#1621=DIRECTION('center_axis',(1.,0.,0.));
#1622=DIRECTION('ref_axis',(0.,-1.,0.));
#1623=DIRECTION('',(0.,1.,0.));
#1624=DIRECTION('',(0.,-1.,0.));
#1625=DIRECTION('',(0.,0.,-1.));
#1626=DIRECTION('center_axis',(0.,1.,0.));
#1627=DIRECTION('ref_axis',(1.,0.,0.));
#1628=DIRECTION('',(-1.,0.,0.));
#1629=DIRECTION('',(1.,0.,0.));
#1630=DIRECTION('',(0.,0.,-1.));
#1631=DIRECTION('center_axis',(-1.,0.,0.));
#1632=DIRECTION('ref_axis',(0.,1.,0.));
#1633=DIRECTION('',(0.,-1.,0.));
#1634=DIRECTION('',(0.,1.,0.));
#1635=DIRECTION('center_axis',(0.,0.,-1.));
#1636=DIRECTION('ref_axis',(-1.,0.,0.));
#1637=DIRECTION('',(0.,-1.,0.));
#1638=DIRECTION('',(1.,0.,0.));
#1639=DIRECTION('',(0.,-1.,0.));
#1640=DIRECTION('',(1.,0.,0.));
#1641=DIRECTION('',(0.,1.,0.));
#1642=DIRECTION('',(1.,0.,0.));
#1643=DIRECTION('',(0.,1.,0.));
#1644=DIRECTION('',(-1.,0.,0.));
#1645=DIRECTION('',(0.,1.,0.));
#1646=DIRECTION('',(-1.,0.,0.));
#1647=DIRECTION('',(0.,-1.,0.));
#1648=DIRECTION('',(-1.,0.,0.));
#1649=DIRECTION('center_axis',(0.,-1.,0.));
#1650=DIRECTION('ref_axis',(-1.,0.,0.));
#1651=DIRECTION('',(1.,0.,0.));
#1652=DIRECTION('',(0.,0.,-1.));
#1653=DIRECTION('',(-1.,0.,0.));
#1654=DIRECTION('',(0.,0.,-1.));
#1655=DIRECTION('center_axis',(1.,0.,0.));
#1656=DIRECTION('ref_axis',(0.,-1.,0.));
#1657=DIRECTION('',(0.,1.,0.));
#1658=DIRECTION('',(0.,-1.,0.));
#1659=DIRECTION('',(0.,0.,-1.));
#1660=DIRECTION('center_axis',(0.,1.,0.));
#1661=DIRECTION('ref_axis',(1.,0.,0.));
#1662=DIRECTION('',(-1.,0.,0.));
#1663=DIRECTION('',(1.,0.,0.));
#1664=DIRECTION('',(0.,0.,-1.));
#1665=DIRECTION('center_axis',(-1.,0.,0.));
#1666=DIRECTION('ref_axis',(0.,1.,0.));
#1667=DIRECTION('',(0.,-1.,0.));
#1668=DIRECTION('',(0.,1.,0.));
#1669=DIRECTION('center_axis',(0.,0.,-1.));
#1670=DIRECTION('ref_axis',(-1.,0.,0.));
#1671=DIRECTION('',(-1.,0.,0.));
#1672=DIRECTION('',(0.,-1.,0.));
#1673=DIRECTION('',(-1.,0.,0.));
#1674=DIRECTION('',(0.,-1.,0.));
#1675=DIRECTION('',(1.,0.,0.));
#1676=DIRECTION('',(0.,-1.,0.));
#1677=DIRECTION('',(1.,0.,0.));
#1678=DIRECTION('',(0.,1.,0.));
#1679=DIRECTION('',(1.,0.,0.));
#1680=DIRECTION('',(0.,1.,0.));
#1681=DIRECTION('',(-1.,0.,0.));
#1682=DIRECTION('',(0.,1.,0.));
#1683=DIRECTION('center_axis',(0.,0.,-1.));
#1684=DIRECTION('ref_axis',(-1.,0.,0.));
#1685=DIRECTION('center_axis',(0.,0.,-1.));
#1686=DIRECTION('ref_axis',(-1.,0.,0.));
#1687=DIRECTION('',(0.707106781186547,8.65956056235493E-17,-0.707106781186547));
#1688=DIRECTION('center_axis',(0.,0.,1.));
#1689=DIRECTION('ref_axis',(-1.,0.,0.));
#1690=DIRECTION('center_axis',(0.,0.,1.));
#1691=DIRECTION('ref_axis',(-1.,0.,0.));
#1692=DIRECTION('',(0.,0.,-1.));
#1693=DIRECTION('center_axis',(0.,0.,-1.));
#1694=DIRECTION('ref_axis',(-1.,0.,0.));
#1695=DIRECTION('center_axis',(0.,0.,1.));
#1696=DIRECTION('ref_axis',(-1.,0.,0.));
#1697=DIRECTION('center_axis',(0.,0.,1.));
#1698=DIRECTION('ref_axis',(-1.,0.,0.));
#1699=DIRECTION('center_axis',(0.,0.,1.));
#1700=DIRECTION('ref_axis',(-1.,0.,0.));
#1701=DIRECTION('',(0.707106781186547,-8.65956056235493E-17,0.707106781186547));
#1702=DIRECTION('center_axis',(0.,0.,1.));
#1703=DIRECTION('ref_axis',(-1.,0.,0.));
#1704=DIRECTION('center_axis',(1.,-1.02798428206033E-16,0.));
#1705=DIRECTION('ref_axis',(-1.02798428206033E-16,-1.,0.));
#1706=DIRECTION('',(1.02798428206033E-16,1.,0.));
#1707=DIRECTION('',(0.,0.,-1.));
#1708=DIRECTION('',(0.,0.,-1.));
#1709=DIRECTION('center_axis',(0.,-1.,0.));
#1710=DIRECTION('ref_axis',(-1.,0.,0.));
#1711=DIRECTION('',(1.,0.,0.));
#1712=DIRECTION('',(0.,0.,-1.));
#1713=DIRECTION('center_axis',(-1.,0.,0.));
#1714=DIRECTION('ref_axis',(0.,1.,0.));
#1715=DIRECTION('',(0.,-1.,0.));
#1716=DIRECTION('',(0.,0.,-1.));
#1717=DIRECTION('center_axis',(0.,-1.,0.));
#1718=DIRECTION('ref_axis',(-1.,0.,0.));
#1719=DIRECTION('',(1.,0.,0.));
#1720=DIRECTION('',(0.,0.,-1.));
#1721=DIRECTION('center_axis',(-1.,0.,0.));
#1722=DIRECTION('ref_axis',(0.,1.,0.));
#1723=DIRECTION('',(0.,-1.,0.));
#1724=DIRECTION('',(0.,0.,-1.));
#1725=DIRECTION('center_axis',(0.,1.,0.));
#1726=DIRECTION('ref_axis',(1.,0.,0.));
#1727=DIRECTION('',(-1.,0.,0.));
#1728=DIRECTION('',(0.,0.,-1.));
#1729=DIRECTION('center_axis',(-1.,2.05596856412066E-16,0.));
#1730=DIRECTION('ref_axis',(2.05596856412066E-16,1.,0.));
#1731=DIRECTION('',(-2.05596856412066E-16,-1.,0.));
#1732=DIRECTION('',(0.,0.,-1.));
#1733=DIRECTION('center_axis',(0.,1.,0.));
#1734=DIRECTION('ref_axis',(1.,0.,0.));
#1735=DIRECTION('',(-1.,0.,0.));
#1736=DIRECTION('',(0.,0.,-1.));
#1737=DIRECTION('center_axis',(1.,0.,0.));
#1738=DIRECTION('ref_axis',(0.,-1.,0.));
#1739=DIRECTION('',(0.,1.,0.));
#1740=DIRECTION('',(0.,0.,-1.));
#1741=DIRECTION('center_axis',(0.,1.,0.));
#1742=DIRECTION('ref_axis',(1.,0.,0.));
#1743=DIRECTION('',(-1.,0.,0.));
#1744=DIRECTION('',(0.,0.,-1.));
#1745=DIRECTION('center_axis',(1.,0.,0.));
#1746=DIRECTION('ref_axis',(0.,-1.,0.));
#1747=DIRECTION('',(0.,1.,0.));
#1748=DIRECTION('',(0.,0.,-1.));
#1749=DIRECTION('center_axis',(0.,-1.,0.));
#1750=DIRECTION('ref_axis',(-1.,0.,0.));
#1751=DIRECTION('',(1.,0.,0.));
#1752=DIRECTION('center_axis',(0.866025403784439,0.5,0.));
#1753=DIRECTION('ref_axis',(0.5,-0.866025403784439,0.));
#1754=DIRECTION('',(-0.5,0.866025403784439,0.));
#1755=DIRECTION('',(0.,0.,-1.));
#1756=DIRECTION('',(0.,0.,-1.));
#1757=DIRECTION('center_axis',(-0.500000000000001,0.866025403784438,0.));
#1758=DIRECTION('ref_axis',(0.866025403784438,0.500000000000001,0.));
#1759=DIRECTION('',(-0.866025403784438,-0.500000000000001,0.));
#1760=DIRECTION('',(0.,0.,-1.));
#1761=DIRECTION('center_axis',(0.866025403784438,0.500000000000001,0.));
#1762=DIRECTION('ref_axis',(0.500000000000001,-0.866025403784438,0.));
#1763=DIRECTION('',(-0.500000000000001,0.866025403784438,0.));
#1764=DIRECTION('',(0.,0.,-1.));
#1765=DIRECTION('center_axis',(0.5,-0.866025403784439,0.));
#1766=DIRECTION('ref_axis',(-0.866025403784439,-0.5,0.));
#1767=DIRECTION('',(0.866025403784439,0.5,0.));
#1768=DIRECTION('',(0.,0.,-1.));
#1769=DIRECTION('center_axis',(0.866025403784439,0.499999999999999,0.));
#1770=DIRECTION('ref_axis',(0.499999999999999,-0.866025403784439,0.));
#1771=DIRECTION('',(-0.499999999999999,0.866025403784439,0.));
#1772=DIRECTION('',(0.,0.,-1.));
#1773=DIRECTION('center_axis',(0.5,-0.866025403784439,0.));
#1774=DIRECTION('ref_axis',(-0.866025403784439,-0.5,0.));
#1775=DIRECTION('',(0.866025403784439,0.5,0.));
#1776=DIRECTION('',(0.,0.,-1.));
#1777=DIRECTION('center_axis',(-0.866025403784439,-0.5,0.));
#1778=DIRECTION('ref_axis',(-0.5,0.866025403784439,0.));
#1779=DIRECTION('',(0.5,-0.866025403784439,0.));
#1780=DIRECTION('',(0.,0.,-1.));
#1781=DIRECTION('center_axis',(0.499999999999999,-0.86602540378444,0.));
#1782=DIRECTION('ref_axis',(-0.866025403784439,-0.499999999999999,0.));
#1783=DIRECTION('',(0.866025403784439,0.499999999999999,0.));
#1784=DIRECTION('',(0.,0.,-1.));
#1785=DIRECTION('center_axis',(-0.866025403784439,-0.499999999999999,0.));
#1786=DIRECTION('ref_axis',(-0.499999999999999,0.866025403784439,0.));
#1787=DIRECTION('',(0.499999999999999,-0.866025403784439,0.));
#1788=DIRECTION('',(0.,0.,-1.));
#1789=DIRECTION('center_axis',(-0.5,0.866025403784439,0.));
#1790=DIRECTION('ref_axis',(0.866025403784439,0.5,0.));
#1791=DIRECTION('',(-0.866025403784439,-0.5,0.));
#1792=DIRECTION('',(0.,0.,-1.));
#1793=DIRECTION('center_axis',(-0.866025403784439,-0.5,0.));
#1794=DIRECTION('ref_axis',(-0.5,0.866025403784439,0.));
#1795=DIRECTION('',(0.5,-0.866025403784439,0.));
#1796=DIRECTION('',(0.,0.,-1.));
#1797=DIRECTION('center_axis',(-0.5,0.866025403784439,0.));
#1798=DIRECTION('ref_axis',(0.866025403784439,0.5,0.));
#1799=DIRECTION('',(-0.866025403784439,-0.5,0.));
#1800=DIRECTION('center_axis',(0.,1.,0.));
#1801=DIRECTION('ref_axis',(1.,0.,0.));
#1802=DIRECTION('',(-1.,0.,0.));
#1803=DIRECTION('',(0.,0.,-1.));
#1804=DIRECTION('',(0.,0.,-1.));
#1805=DIRECTION('center_axis',(1.,0.,0.));
#1806=DIRECTION('ref_axis',(0.,-1.,0.));
#1807=DIRECTION('',(0.,1.,0.));
#1808=DIRECTION('',(0.,0.,-1.));
#1809=DIRECTION('center_axis',(0.,-1.,0.));
#1810=DIRECTION('ref_axis',(-1.,0.,0.));
#1811=DIRECTION('',(1.,0.,0.));
#1812=DIRECTION('',(0.,0.,-1.));
#1813=DIRECTION('center_axis',(1.,1.02798428206033E-16,0.));
#1814=DIRECTION('ref_axis',(1.02798428206033E-16,-1.,0.));
#1815=DIRECTION('',(-1.02798428206033E-16,1.,0.));
#1816=DIRECTION('',(0.,0.,-1.));
#1817=DIRECTION('center_axis',(0.,-1.,0.));
#1818=DIRECTION('ref_axis',(-1.,0.,0.));
#1819=DIRECTION('',(1.,0.,0.));
#1820=DIRECTION('',(0.,0.,-1.));
#1821=DIRECTION('center_axis',(-1.,0.,0.));
#1822=DIRECTION('ref_axis',(0.,1.,0.));
#1823=DIRECTION('',(0.,-1.,0.));
#1824=DIRECTION('',(0.,0.,-1.));
#1825=DIRECTION('center_axis',(0.,-1.,0.));
#1826=DIRECTION('ref_axis',(-1.,0.,0.));
#1827=DIRECTION('',(1.,0.,0.));
#1828=DIRECTION('',(0.,0.,-1.));
#1829=DIRECTION('center_axis',(-1.,0.,0.));
#1830=DIRECTION('ref_axis',(0.,1.,0.));
#1831=DIRECTION('',(0.,-1.,0.));
#1832=DIRECTION('',(0.,0.,-1.));
#1833=DIRECTION('center_axis',(0.,1.,0.));
#1834=DIRECTION('ref_axis',(1.,0.,0.));
#1835=DIRECTION('',(-1.,0.,0.));
#1836=DIRECTION('',(0.,0.,-1.));
#1837=DIRECTION('center_axis',(-1.,0.,0.));
#1838=DIRECTION('ref_axis',(0.,1.,0.));
#1839=DIRECTION('',(0.,-1.,0.));
#1840=DIRECTION('',(0.,0.,-1.));
#1841=DIRECTION('center_axis',(0.,1.,0.));
#1842=DIRECTION('ref_axis',(1.,0.,0.));
#1843=DIRECTION('',(-1.,0.,0.));
#1844=DIRECTION('',(0.,0.,-1.));
#1845=DIRECTION('center_axis',(1.,0.,0.));
#1846=DIRECTION('ref_axis',(0.,-1.,0.));
#1847=DIRECTION('',(0.,1.,0.));
#1848=DIRECTION('center_axis',(-0.866025403784439,0.5,0.));
#1849=DIRECTION('ref_axis',(0.5,0.866025403784439,0.));
#1850=DIRECTION('',(-0.5,-0.866025403784439,0.));
#1851=DIRECTION('',(0.,0.,-1.));
#1852=DIRECTION('',(0.,0.,-1.));
#1853=DIRECTION('center_axis',(0.499999999999998,0.86602540378444,0.));
#1854=DIRECTION('ref_axis',(0.86602540378444,-0.499999999999998,0.));
#1855=DIRECTION('',(-0.86602540378444,0.499999999999998,0.));
#1856=DIRECTION('',(0.,0.,-1.));
#1857=DIRECTION('center_axis',(0.866025403784437,-0.500000000000002,0.));
#1858=DIRECTION('ref_axis',(-0.500000000000002,-0.866025403784437,0.));
#1859=DIRECTION('',(0.500000000000002,0.866025403784437,0.));
#1860=DIRECTION('',(0.,0.,-1.));
#1861=DIRECTION('center_axis',(0.500000000000003,0.866025403784437,0.));
#1862=DIRECTION('ref_axis',(0.866025403784437,-0.500000000000003,0.));
#1863=DIRECTION('',(-0.866025403784437,0.500000000000003,0.));
#1864=DIRECTION('',(0.,0.,-1.));
#1865=DIRECTION('center_axis',(0.866025403784439,-0.499999999999999,0.));
#1866=DIRECTION('ref_axis',(-0.499999999999999,-0.866025403784439,0.));
#1867=DIRECTION('',(0.499999999999999,0.866025403784439,0.));
#1868=DIRECTION('',(0.,0.,-1.));
#1869=DIRECTION('center_axis',(-0.500000000000001,-0.866025403784438,0.));
#1870=DIRECTION('ref_axis',(-0.866025403784438,0.500000000000001,0.));
#1871=DIRECTION('',(0.866025403784438,-0.500000000000001,0.));
#1872=DIRECTION('',(0.,0.,-1.));
#1873=DIRECTION('center_axis',(0.866025403784438,-0.5,0.));
#1874=DIRECTION('ref_axis',(-0.5,-0.866025403784438,0.));
#1875=DIRECTION('',(0.5,0.866025403784438,0.));
#1876=DIRECTION('',(0.,0.,-1.));
#1877=DIRECTION('center_axis',(-0.499999999999998,-0.86602540378444,0.));
#1878=DIRECTION('ref_axis',(-0.86602540378444,0.499999999999998,0.));
#1879=DIRECTION('',(0.86602540378444,-0.499999999999998,0.));
#1880=DIRECTION('',(0.,0.,-1.));
#1881=DIRECTION('center_axis',(-0.866025403784439,0.5,0.));
#1882=DIRECTION('ref_axis',(0.5,0.866025403784439,0.));
#1883=DIRECTION('',(-0.5,-0.866025403784439,0.));
#1884=DIRECTION('',(0.,0.,-1.));
#1885=DIRECTION('center_axis',(-0.5,-0.866025403784439,0.));
#1886=DIRECTION('ref_axis',(-0.866025403784439,0.5,0.));
#1887=DIRECTION('',(0.866025403784439,-0.5,0.));
#1888=DIRECTION('',(0.,0.,-1.));
#1889=DIRECTION('center_axis',(-0.86602540378444,0.499999999999998,0.));
#1890=DIRECTION('ref_axis',(0.499999999999998,0.86602540378444,0.));
#1891=DIRECTION('',(-0.499999999999998,-0.86602540378444,0.));
#1892=DIRECTION('',(0.,0.,-1.));
#1893=DIRECTION('center_axis',(0.5,0.866025403784439,0.));
#1894=DIRECTION('ref_axis',(0.866025403784439,-0.5,0.));
#1895=DIRECTION('',(-0.866025403784439,0.5,0.));
#1896=DIRECTION('center_axis',(0.,0.,1.));
#1897=DIRECTION('ref_axis',(-1.,0.,0.));
#1898=DIRECTION('center_axis',(0.,0.,1.));
#1899=DIRECTION('ref_axis',(-1.,0.,0.));
#1900=DIRECTION('center_axis',(0.,0.,1.));
#1901=DIRECTION('ref_axis',(-1.,0.,0.));
#1902=DIRECTION('center_axis',(0.,0.,1.));
#1903=DIRECTION('ref_axis',(-1.,0.,0.));
#1904=CARTESIAN_POINT('',(0.,0.,0.));
#1905=CARTESIAN_POINT('Origin',(27.9757294335619,17.6624351026779,17.337519685039));
#1906=CARTESIAN_POINT('',(31.3257294335619,11.8600648973221,17.337519685039));
#1907=CARTESIAN_POINT('',(27.9757294335619,17.6624351026779,17.337519685039));
#1908=CARTESIAN_POINT('',(28.8132294335619,16.2118425513389,17.337519685039));
#1909=CARTESIAN_POINT('',(31.3257294335619,11.8600648973221,13.437519685039));
#1910=CARTESIAN_POINT('',(31.3257294335619,11.8600648973221,17.337519685039));
#1911=CARTESIAN_POINT('',(27.9757294335619,17.6624351026779,13.437519685039));
#1912=CARTESIAN_POINT('',(31.3257294335619,11.8600648973221,13.437519685039));
#1913=CARTESIAN_POINT('',(27.9757294335619,17.6624351026779,17.337519685039));
#1914=CARTESIAN_POINT('Origin',(23.5589998742613,15.1124351026779,17.337519685039));
#1915=CARTESIAN_POINT('',(23.5589998742613,15.1124351026779,17.337519685039));
#1916=CARTESIAN_POINT('',(11.6294999371306,8.22493510267786,17.337519685039));
#1917=CARTESIAN_POINT('',(23.5589998742613,15.1124351026779,13.437519685039));
#1918=CARTESIAN_POINT('',(27.9757294335619,17.6624351026779,13.437519685039));
#1919=CARTESIAN_POINT('',(23.5589998742613,15.1124351026779,17.337519685039));
#1920=CARTESIAN_POINT('Origin',(26.9089998742613,9.31006489732212,17.337519685039));
#1921=CARTESIAN_POINT('',(26.9089998742613,9.31006489732212,17.337519685039));
#1922=CARTESIAN_POINT('',(26.0714998742613,10.7606574486611,17.337519685039));
#1923=CARTESIAN_POINT('',(26.9089998742613,9.31006489732212,13.437519685039));
#1924=CARTESIAN_POINT('',(23.5589998742613,15.1124351026779,13.437519685039));
#1925=CARTESIAN_POINT('',(26.9089998742613,9.31006489732212,17.337519685039));
#1926=CARTESIAN_POINT('Origin',(31.3257294335619,11.8600648973221,17.337519685039));
#1927=CARTESIAN_POINT('',(17.187864716781,3.69756489732212,17.337519685039));
#1928=CARTESIAN_POINT('',(26.9089998742613,9.31006489732212,13.437519685039));
#1929=CARTESIAN_POINT('Origin',(27.4423646539116,13.48625,13.437519685039));
#1930=CARTESIAN_POINT('',(25.9304100357751,11.8050322173509,13.437519685039));
#1931=CARTESIAN_POINT('',(27.0995443308841,12.4800322173509,13.437519685039));
#1932=CARTESIAN_POINT('',(25.9304100357751,11.8050322173509,13.437519685039));
#1933=CARTESIAN_POINT('',(27.8245443308841,11.2242953818634,13.437519685039));
#1934=CARTESIAN_POINT('',(27.0995443308841,12.4800322173509,13.437519685039));
#1935=CARTESIAN_POINT('',(29.2101849769392,12.0242953818634,13.437519685039));
#1936=CARTESIAN_POINT('',(27.8245443308841,11.2242953818634,13.437519685039));
#1937=CARTESIAN_POINT('',(28.4851849769392,13.2800322173509,13.437519685039));
#1938=CARTESIAN_POINT('',(29.2101849769392,12.0242953818634,13.437519685039));
#1939=CARTESIAN_POINT('',(29.6543192720482,13.9550322173509,13.437519685039));
#1940=CARTESIAN_POINT('',(28.4851849769392,13.2800322173509,13.437519685039));
#1941=CARTESIAN_POINT('',(28.9543192720482,15.1674677826491,13.437519685039));
#1942=CARTESIAN_POINT('',(29.6543192720482,13.9550322173509,13.437519685039));
#1943=CARTESIAN_POINT('',(27.7851849769392,14.4924677826491,13.437519685039));
#1944=CARTESIAN_POINT('',(28.9543192720482,15.1674677826491,13.437519685039));
#1945=CARTESIAN_POINT('',(27.0601849769392,15.7482046181365,13.437519685039));
#1946=CARTESIAN_POINT('',(27.7851849769392,14.4924677826491,13.437519685039));
#1947=CARTESIAN_POINT('',(25.6745443308841,14.9482046181365,13.437519685039));
#1948=CARTESIAN_POINT('',(27.0601849769392,15.7482046181365,13.437519685039));
#1949=CARTESIAN_POINT('',(26.3995443308841,13.6924677826491,13.437519685039));
#1950=CARTESIAN_POINT('',(25.6745443308841,14.9482046181365,13.437519685039));
#1951=CARTESIAN_POINT('',(25.2304100357751,13.0174677826491,13.437519685039));
#1952=CARTESIAN_POINT('',(26.3995443308841,13.6924677826491,13.437519685039));
#1953=CARTESIAN_POINT('',(25.2304100357751,13.0174677826491,13.437519685039));
#1954=CARTESIAN_POINT('Origin',(-28.5757294335619,11.8600648973221,17.337519685039));
#1955=CARTESIAN_POINT('',(-25.2257294335619,17.6624351026779,17.337519685039));
#1956=CARTESIAN_POINT('',(-28.5757294335619,11.8600648973221,17.337519685039));
#1957=CARTESIAN_POINT('',(-27.7382294335619,13.3106574486611,17.337519685039));
#1958=CARTESIAN_POINT('',(-25.2257294335619,17.6624351026779,13.437519685039));
#1959=CARTESIAN_POINT('',(-25.2257294335619,17.6624351026779,17.337519685039));
#1960=CARTESIAN_POINT('',(-28.5757294335619,11.8600648973221,13.437519685039));
#1961=CARTESIAN_POINT('',(-25.2257294335619,17.6624351026779,13.437519685039));
#1962=CARTESIAN_POINT('',(-28.5757294335619,11.8600648973221,17.337519685039));
#1963=CARTESIAN_POINT('Origin',(-24.1589998742613,9.31006489732214,17.337519685039));
#1964=CARTESIAN_POINT('',(-24.1589998742613,9.31006489732214,17.337519685039));
#1965=CARTESIAN_POINT('',(-12.2294999371306,2.42256489732213,17.337519685039));
#1966=CARTESIAN_POINT('',(-24.1589998742613,9.31006489732214,13.437519685039));
#1967=CARTESIAN_POINT('',(-28.5757294335619,11.8600648973221,13.437519685039));
#1968=CARTESIAN_POINT('',(-24.1589998742613,9.31006489732214,17.337519685039));
#1969=CARTESIAN_POINT('Origin',(-20.8089998742613,15.1124351026779,17.337519685039));
#1970=CARTESIAN_POINT('',(-20.8089998742613,15.1124351026779,17.337519685039));
#1971=CARTESIAN_POINT('',(-21.6464998742613,13.6618425513389,17.337519685039));
#1972=CARTESIAN_POINT('',(-20.8089998742613,15.1124351026779,13.437519685039));
#1973=CARTESIAN_POINT('',(-24.1589998742613,9.31006489732214,13.437519685039));
#1974=CARTESIAN_POINT('',(-20.8089998742613,15.1124351026779,17.337519685039));
#1975=CARTESIAN_POINT('Origin',(-25.2257294335619,17.6624351026779,17.337519685039));
#1976=CARTESIAN_POINT('',(-11.087864716781,9.49993510267787,17.337519685039));
#1977=CARTESIAN_POINT('',(-20.8089998742613,15.1124351026779,13.437519685039));
#1978=CARTESIAN_POINT('Origin',(-24.6923646539116,13.48625,13.437519685039));
#1979=CARTESIAN_POINT('',(-26.4601849769392,12.0242953818635,13.437519685039));
#1980=CARTESIAN_POINT('',(-25.074544330884,11.2242953818635,13.437519685039));
#1981=CARTESIAN_POINT('',(-26.4601849769392,12.0242953818635,13.437519685039));
#1982=CARTESIAN_POINT('',(-24.349544330884,12.4800322173509,13.437519685039));
#1983=CARTESIAN_POINT('',(-25.074544330884,11.2242953818635,13.437519685039));
#1984=CARTESIAN_POINT('',(-23.1804100357751,11.8050322173509,13.437519685039));
#1985=CARTESIAN_POINT('',(-24.349544330884,12.4800322173509,13.437519685039));
#1986=CARTESIAN_POINT('',(-22.4804100357751,13.0174677826491,13.437519685039));
#1987=CARTESIAN_POINT('',(-23.1804100357751,11.8050322173509,13.437519685039));
#1988=CARTESIAN_POINT('',(-23.649544330884,13.6924677826491,13.437519685039));
#1989=CARTESIAN_POINT('',(-22.4804100357751,13.0174677826491,13.437519685039));
#1990=CARTESIAN_POINT('',(-22.924544330884,14.9482046181365,13.437519685039));
#1991=CARTESIAN_POINT('',(-23.649544330884,13.6924677826491,13.437519685039));
#1992=CARTESIAN_POINT('',(-24.3101849769392,15.7482046181365,13.437519685039));
#1993=CARTESIAN_POINT('',(-22.924544330884,14.9482046181365,13.437519685039));
#1994=CARTESIAN_POINT('',(-25.0351849769391,14.4924677826491,13.437519685039));
#1995=CARTESIAN_POINT('',(-24.3101849769392,15.7482046181365,13.437519685039));
#1996=CARTESIAN_POINT('',(-26.2043192720481,15.1674677826491,13.437519685039));
#1997=CARTESIAN_POINT('',(-25.0351849769391,14.4924677826491,13.437519685039));
#1998=CARTESIAN_POINT('',(-26.9043192720481,13.9550322173509,13.437519685039));
#1999=CARTESIAN_POINT('',(-26.2043192720481,15.1674677826491,13.437519685039));
#2000=CARTESIAN_POINT('',(-25.7351849769392,13.2800322173509,13.437519685039));
#2001=CARTESIAN_POINT('',(-26.9043192720481,13.9550322173509,13.437519685039));
#2002=CARTESIAN_POINT('',(-25.7351849769392,13.2800322173509,13.437519685039));
#2003=CARTESIAN_POINT('Origin',(4.68041338582703,-14.984586614173,17.337519685039));
#2004=CARTESIAN_POINT('',(-2.01958661417297,-14.984586614173,17.337519685039));
#2005=CARTESIAN_POINT('',(4.68041338582703,-14.984586614173,17.337519685039));
#2006=CARTESIAN_POINT('',(3.02770669291351,-14.984586614173,17.337519685039));
#2007=CARTESIAN_POINT('',(-2.01958661417297,-14.984586614173,13.437519685039));
#2008=CARTESIAN_POINT('',(-2.01958661417297,-14.984586614173,17.337519685039));
#2009=CARTESIAN_POINT('',(4.68041338582703,-14.984586614173,13.437519685039));
#2010=CARTESIAN_POINT('',(-2.01958661417297,-14.984586614173,13.437519685039));
#2011=CARTESIAN_POINT('',(4.68041338582703,-14.984586614173,17.337519685039));
#2012=CARTESIAN_POINT('Origin',(4.68041338582703,-9.88458661417297,17.337519685039));
#2013=CARTESIAN_POINT('',(4.68041338582703,-9.88458661417297,17.337519685039));
#2014=CARTESIAN_POINT('',(4.68041338582703,-5.72416830708649,17.337519685039));
#2015=CARTESIAN_POINT('',(4.68041338582703,-9.88458661417297,13.437519685039));
#2016=CARTESIAN_POINT('',(4.68041338582703,-14.984586614173,13.437519685039));
#2017=CARTESIAN_POINT('',(4.68041338582703,-9.88458661417297,17.337519685039));
#2018=CARTESIAN_POINT('Origin',(-2.01958661417297,-9.88458661417297,17.337519685039));
#2019=CARTESIAN_POINT('',(-2.01958661417297,-9.88458661417297,17.337519685039));
#2020=CARTESIAN_POINT('',(-0.322293307086485,-9.88458661417297,17.337519685039));
#2021=CARTESIAN_POINT('',(-2.01958661417297,-9.88458661417297,13.437519685039));
#2022=CARTESIAN_POINT('',(4.68041338582703,-9.88458661417297,13.437519685039));
#2023=CARTESIAN_POINT('',(-2.01958661417297,-9.88458661417297,17.337519685039));
#2024=CARTESIAN_POINT('Origin',(-2.01958661417297,-14.984586614173,17.337519685039));
#2025=CARTESIAN_POINT('',(-2.01958661417297,-8.27416830708649,17.337519685039));
#2026=CARTESIAN_POINT('',(-2.01958661417297,-9.88458661417297,13.437519685039));
#2027=CARTESIAN_POINT('Origin',(1.33041338582703,-12.434586614173,13.437519685039));
#2028=CARTESIAN_POINT('',(-0.819586614172976,-11.634586614173,13.437519685039));
#2029=CARTESIAN_POINT('',(-0.819586614172976,-13.234586614173,13.437519685039));
#2030=CARTESIAN_POINT('',(-0.819586614172976,-11.634586614173,13.437519685039));
#2031=CARTESIAN_POINT('',(0.63041338582702,-13.234586614173,13.437519685039));
#2032=CARTESIAN_POINT('',(-0.819586614172976,-13.234586614173,13.437519685039));
#2033=CARTESIAN_POINT('',(0.63041338582702,-14.584586614173,13.437519685039));
#2034=CARTESIAN_POINT('',(0.63041338582702,-13.234586614173,13.437519685039));
#2035=CARTESIAN_POINT('',(2.03041338582703,-14.584586614173,13.437519685039));
#2036=CARTESIAN_POINT('',(0.63041338582702,-14.584586614173,13.437519685039));
#2037=CARTESIAN_POINT('',(2.03041338582703,-13.234586614173,13.437519685039));
#2038=CARTESIAN_POINT('',(2.03041338582703,-14.584586614173,13.437519685039));
#2039=CARTESIAN_POINT('',(3.48041338582703,-13.234586614173,13.437519685039));
#2040=CARTESIAN_POINT('',(2.03041338582703,-13.234586614173,13.437519685039));
#2041=CARTESIAN_POINT('',(3.48041338582703,-11.634586614173,13.437519685039));
#2042=CARTESIAN_POINT('',(3.48041338582703,-13.234586614173,13.437519685039));
#2043=CARTESIAN_POINT('',(2.03041338582703,-11.634586614173,13.437519685039));
#2044=CARTESIAN_POINT('',(3.48041338582703,-11.634586614173,13.437519685039));
#2045=CARTESIAN_POINT('',(2.03041338582703,-10.284586614173,13.437519685039));
#2046=CARTESIAN_POINT('',(2.03041338582703,-11.634586614173,13.437519685039));
#2047=CARTESIAN_POINT('',(0.63041338582702,-10.284586614173,13.437519685039));
#2048=CARTESIAN_POINT('',(2.03041338582703,-10.284586614173,13.437519685039));
#2049=CARTESIAN_POINT('',(0.63041338582702,-11.634586614173,13.437519685039));
#2050=CARTESIAN_POINT('',(0.63041338582702,-10.284586614173,13.437519685039));
#2051=CARTESIAN_POINT('',(0.63041338582702,-11.634586614173,13.437519685039));
#2052=CARTESIAN_POINT('Origin',(4.725,-34.21375,17.337519685039));
#2053=CARTESIAN_POINT('',(-1.975,-34.21375,17.337519685039));
#2054=CARTESIAN_POINT('',(4.725,-34.21375,17.337519685039));
#2055=CARTESIAN_POINT('',(3.05,-34.21375,17.337519685039));
#2056=CARTESIAN_POINT('',(-1.975,-34.21375,13.437519685039));
#2057=CARTESIAN_POINT('',(-1.975,-34.21375,17.337519685039));
#2058=CARTESIAN_POINT('',(4.725,-34.21375,13.437519685039));
#2059=CARTESIAN_POINT('',(-1.975,-34.21375,13.437519685039));
#2060=CARTESIAN_POINT('',(4.725,-34.21375,17.337519685039));
#2061=CARTESIAN_POINT('Origin',(4.725,-29.11375,17.337519685039));
#2062=CARTESIAN_POINT('',(4.725,-29.11375,17.337519685039));
#2063=CARTESIAN_POINT('',(4.725,-15.33875,17.337519685039));
#2064=CARTESIAN_POINT('',(4.725,-29.11375,13.437519685039));
#2065=CARTESIAN_POINT('',(4.725,-34.21375,13.437519685039));
#2066=CARTESIAN_POINT('',(4.725,-29.11375,17.337519685039));
#2067=CARTESIAN_POINT('Origin',(-1.975,-29.11375,17.337519685039));
#2068=CARTESIAN_POINT('',(-1.975,-29.11375,17.337519685039));
#2069=CARTESIAN_POINT('',(-0.299999999999999,-29.11375,17.337519685039));
#2070=CARTESIAN_POINT('',(-1.975,-29.11375,13.437519685039));
#2071=CARTESIAN_POINT('',(4.725,-29.11375,13.437519685039));
#2072=CARTESIAN_POINT('',(-1.975,-29.11375,17.337519685039));
#2073=CARTESIAN_POINT('Origin',(-1.975,-34.21375,17.337519685039));
#2074=CARTESIAN_POINT('',(-1.975,-17.88875,17.337519685039));
#2075=CARTESIAN_POINT('',(-1.975,-29.11375,13.437519685039));
#2076=CARTESIAN_POINT('Origin',(1.375,-31.66375,13.437519685039));
#2077=CARTESIAN_POINT('',(2.075,-29.51375,13.437519685039));
#2078=CARTESIAN_POINT('',(0.674999999999994,-29.51375,13.437519685039));
#2079=CARTESIAN_POINT('',(2.075,-29.51375,13.437519685039));
#2080=CARTESIAN_POINT('',(0.674999999999994,-30.86375,13.437519685039));
#2081=CARTESIAN_POINT('',(0.674999999999994,-29.51375,13.437519685039));
#2082=CARTESIAN_POINT('',(-0.775000000000001,-30.86375,13.437519685039));
#2083=CARTESIAN_POINT('',(0.674999999999994,-30.86375,13.437519685039));
#2084=CARTESIAN_POINT('',(-0.775000000000001,-32.46375,13.437519685039));
#2085=CARTESIAN_POINT('',(-0.775000000000001,-30.86375,13.437519685039));
#2086=CARTESIAN_POINT('',(0.674999999999994,-32.46375,13.437519685039));
#2087=CARTESIAN_POINT('',(-0.775000000000001,-32.46375,13.437519685039));
#2088=CARTESIAN_POINT('',(0.674999999999994,-33.81375,13.437519685039));
#2089=CARTESIAN_POINT('',(0.674999999999994,-32.46375,13.437519685039));
#2090=CARTESIAN_POINT('',(2.075,-33.81375,13.437519685039));
#2091=CARTESIAN_POINT('',(0.674999999999994,-33.81375,13.437519685039));
#2092=CARTESIAN_POINT('',(2.075,-32.46375,13.437519685039));
#2093=CARTESIAN_POINT('',(2.075,-33.81375,13.437519685039));
#2094=CARTESIAN_POINT('',(3.525,-32.46375,13.437519685039));
#2095=CARTESIAN_POINT('',(2.075,-32.46375,13.437519685039));
#2096=CARTESIAN_POINT('',(3.525,-30.86375,13.437519685039));
#2097=CARTESIAN_POINT('',(3.525,-32.46375,13.437519685039));
#2098=CARTESIAN_POINT('',(2.075,-30.86375,13.437519685039));
#2099=CARTESIAN_POINT('',(3.525,-30.86375,13.437519685039));
#2100=CARTESIAN_POINT('',(2.075,-30.86375,13.437519685039));
#2101=CARTESIAN_POINT('Origin',(1.375,-1.56375000000001,21.537519685039));
#2102=CARTESIAN_POINT('',(40.375,-1.56375000000001,22.037519685039));
#2103=CARTESIAN_POINT('Origin',(1.375,-1.56375000000001,22.037519685039));
#2104=CARTESIAN_POINT('',(41.375,-1.56375,21.037519685039));
#2105=CARTESIAN_POINT('',(40.875,-1.56375,21.537519685039));
#2106=CARTESIAN_POINT('Origin',(1.375,-1.56375000000001,21.037519685039));
#2107=CARTESIAN_POINT('Origin',(1.375,-1.56375000000001,21.037519685039));
#2108=CARTESIAN_POINT('',(41.375,-1.56375000000001,18.337519685039));
#2109=CARTESIAN_POINT('',(41.375,-1.56375,21.037519685039));
#2110=CARTESIAN_POINT('Origin',(1.375,-1.56375000000001,18.337519685039));
#2111=CARTESIAN_POINT('Origin',(1.375,-1.56375000000001,22.037519685039));
#2112=CARTESIAN_POINT('Origin',(1.375,-1.56375000000001,17.837519685039));
#2113=CARTESIAN_POINT('',(40.375,-1.56375,17.337519685039));
#2114=CARTESIAN_POINT('Origin',(1.375,-1.56375000000001,17.337519685039));
#2115=CARTESIAN_POINT('',(40.875,-1.56375000000001,17.837519685039));
#2116=CARTESIAN_POINT('Origin',(1.375,-1.56375000000001,17.337519685039));
#2117=CARTESIAN_POINT('Origin',(0.674999999999994,-29.51375,21.037519685039));
#2118=CARTESIAN_POINT('',(0.674999999999994,-30.86375,21.037519685039));
#2119=CARTESIAN_POINT('',(0.674999999999994,-29.51375,21.037519685039));
#2120=CARTESIAN_POINT('',(0.674999999999996,-15.53875,21.037519685039));
#2121=CARTESIAN_POINT('',(0.674999999999994,-30.86375,21.037519685039));
#2122=CARTESIAN_POINT('',(0.674999999999994,-29.51375,21.037519685039));
#2123=CARTESIAN_POINT('Origin',(2.07500000000001,-29.51375,21.037519685039));
#2124=CARTESIAN_POINT('',(2.07500000000001,-29.51375,21.037519685039));
#2125=CARTESIAN_POINT('',(1.725,-29.51375,21.037519685039));
#2126=CARTESIAN_POINT('',(2.07500000000001,-29.51375,21.037519685039));
#2127=CARTESIAN_POINT('Origin',(2.07500000000001,-30.86375,21.037519685039));
#2128=CARTESIAN_POINT('',(2.07500000000001,-30.86375,21.037519685039));
#2129=CARTESIAN_POINT('',(2.07500000000001,-16.21375,21.037519685039));
#2130=CARTESIAN_POINT('',(2.07500000000001,-30.86375,21.037519685039));
#2131=CARTESIAN_POINT('Origin',(3.525,-30.86375,21.037519685039));
#2132=CARTESIAN_POINT('',(3.525,-30.86375,21.037519685039));
#2133=CARTESIAN_POINT('',(2.45,-30.86375,21.037519685039));
#2134=CARTESIAN_POINT('',(3.525,-30.86375,21.037519685039));
#2135=CARTESIAN_POINT('Origin',(3.525,-32.46375,21.037519685039));
#2136=CARTESIAN_POINT('',(3.525,-32.46375,21.037519685039));
#2137=CARTESIAN_POINT('',(3.525,-17.01375,21.037519685039));
#2138=CARTESIAN_POINT('',(3.525,-32.46375,21.037519685039));
#2139=CARTESIAN_POINT('Origin',(2.07500000000001,-32.46375,21.037519685039));
#2140=CARTESIAN_POINT('',(2.07500000000001,-32.46375,21.037519685039));
#2141=CARTESIAN_POINT('',(1.725,-32.46375,21.037519685039));
#2142=CARTESIAN_POINT('',(2.07500000000001,-32.46375,21.037519685039));
#2143=CARTESIAN_POINT('Origin',(2.07500000000001,-33.81375,21.037519685039));
#2144=CARTESIAN_POINT('',(2.07500000000001,-33.81375,21.037519685039));
#2145=CARTESIAN_POINT('',(2.07500000000001,-17.68875,21.037519685039));
#2146=CARTESIAN_POINT('',(2.07500000000001,-33.81375,21.037519685039));
#2147=CARTESIAN_POINT('Origin',(0.674999999999994,-33.81375,21.037519685039));
#2148=CARTESIAN_POINT('',(0.674999999999994,-33.81375,21.037519685039));
#2149=CARTESIAN_POINT('',(1.025,-33.81375,21.037519685039));
#2150=CARTESIAN_POINT('',(0.674999999999994,-33.81375,21.037519685039));
#2151=CARTESIAN_POINT('Origin',(0.674999999999994,-32.46375,21.037519685039));
#2152=CARTESIAN_POINT('',(0.674999999999994,-32.46375,21.037519685039));
#2153=CARTESIAN_POINT('',(0.674999999999994,-17.01375,21.037519685039));
#2154=CARTESIAN_POINT('',(0.674999999999994,-32.46375,21.037519685039));
#2155=CARTESIAN_POINT('Origin',(-0.775000000000001,-32.46375,21.037519685039));
#2156=CARTESIAN_POINT('',(-0.775000000000001,-32.46375,21.037519685039));
#2157=CARTESIAN_POINT('',(0.3,-32.46375,21.037519685039));
#2158=CARTESIAN_POINT('',(-0.775000000000001,-32.46375,21.037519685039));
#2159=CARTESIAN_POINT('Origin',(-0.775000000000001,-30.86375,21.037519685039));
#2160=CARTESIAN_POINT('',(-0.775000000000001,-30.86375,21.037519685039));
#2161=CARTESIAN_POINT('',(-0.775000000000001,-16.21375,21.037519685039));
#2162=CARTESIAN_POINT('',(-0.775000000000001,-30.86375,21.037519685039));
#2163=CARTESIAN_POINT('Origin',(0.674999999999994,-30.86375,21.037519685039));
#2164=CARTESIAN_POINT('',(1.025,-30.86375,21.037519685039));
#2165=CARTESIAN_POINT('Origin',(27.0995443308841,12.4800322173509,21.037519685039));
#2166=CARTESIAN_POINT('',(27.8245443308841,11.2242953818634,21.037519685039));
#2167=CARTESIAN_POINT('',(27.0995443308841,12.4800322173509,21.037519685039));
#2168=CARTESIAN_POINT('',(26.9245443308841,12.7831411086754,21.037519685039));
#2169=CARTESIAN_POINT('',(27.8245443308841,11.2242953818634,21.037519685039));
#2170=CARTESIAN_POINT('',(27.0995443308841,12.4800322173509,21.037519685039));
#2171=CARTESIAN_POINT('Origin',(25.9304100357751,11.8050322173509,21.037519685039));
#2172=CARTESIAN_POINT('',(25.9304100357751,11.8050322173509,21.037519685039));
#2173=CARTESIAN_POINT('',(13.8277050178876,4.81753221735086,21.037519685039));
#2174=CARTESIAN_POINT('',(25.9304100357751,11.8050322173509,21.037519685039));
#2175=CARTESIAN_POINT('Origin',(25.2304100357751,13.0174677826491,21.037519685039));
#2176=CARTESIAN_POINT('',(25.2304100357751,13.0174677826491,21.037519685039));
#2177=CARTESIAN_POINT('',(25.4054100357751,12.7143588913246,21.037519685039));
#2178=CARTESIAN_POINT('',(25.2304100357751,13.0174677826491,21.037519685039));
#2179=CARTESIAN_POINT('Origin',(26.3995443308841,13.6924677826491,21.037519685039));
#2180=CARTESIAN_POINT('',(26.3995443308841,13.6924677826491,21.037519685039));
#2181=CARTESIAN_POINT('',(13.712272165442,6.3674677826491,21.037519685039));
#2182=CARTESIAN_POINT('',(26.3995443308841,13.6924677826491,21.037519685039));
#2183=CARTESIAN_POINT('Origin',(25.6745443308841,14.9482046181365,21.037519685039));
#2184=CARTESIAN_POINT('',(25.6745443308841,14.9482046181365,21.037519685039));
#2185=CARTESIAN_POINT('',(26.2120443308841,14.0172273090682,21.037519685039));
#2186=CARTESIAN_POINT('',(25.6745443308841,14.9482046181365,21.037519685039));
#2187=CARTESIAN_POINT('Origin',(27.0601849769392,15.7482046181365,21.037519685039));
#2188=CARTESIAN_POINT('',(27.0601849769392,15.7482046181365,21.037519685039));
#2189=CARTESIAN_POINT('',(13.6800924884696,8.02320461813654,21.037519685039));
#2190=CARTESIAN_POINT('',(27.0601849769392,15.7482046181365,21.037519685039));
#2191=CARTESIAN_POINT('Origin',(27.7851849769392,14.4924677826491,21.037519685039));
#2192=CARTESIAN_POINT('',(27.7851849769392,14.4924677826491,21.037519685039));
#2193=CARTESIAN_POINT('',(27.9601849769392,14.1893588913245,21.037519685039));
#2194=CARTESIAN_POINT('',(27.7851849769392,14.4924677826491,21.037519685039));
#2195=CARTESIAN_POINT('Origin',(28.9543192720482,15.1674677826491,21.037519685039));
#2196=CARTESIAN_POINT('',(28.9543192720482,15.1674677826491,21.037519685039));
#2197=CARTESIAN_POINT('',(14.9896596360241,7.10496778264912,21.037519685039));
#2198=CARTESIAN_POINT('',(28.9543192720482,15.1674677826491,21.037519685039));
#2199=CARTESIAN_POINT('Origin',(29.6543192720482,13.9550322173509,21.037519685039));
#2200=CARTESIAN_POINT('',(29.6543192720482,13.9550322173509,21.037519685039));
#2201=CARTESIAN_POINT('',(29.4793192720482,14.2581411086754,21.037519685039));
#2202=CARTESIAN_POINT('',(29.6543192720482,13.9550322173509,21.037519685039));
#2203=CARTESIAN_POINT('Origin',(28.4851849769392,13.2800322173509,21.037519685039));
#2204=CARTESIAN_POINT('',(28.4851849769392,13.2800322173509,21.037519685039));
#2205=CARTESIAN_POINT('',(15.1050924884696,5.55503221735088,21.037519685039));
#2206=CARTESIAN_POINT('',(28.4851849769392,13.2800322173509,21.037519685039));
#2207=CARTESIAN_POINT('Origin',(29.2101849769392,12.0242953818634,21.037519685039));
#2208=CARTESIAN_POINT('',(29.2101849769392,12.0242953818634,21.037519685039));
#2209=CARTESIAN_POINT('',(28.6726849769392,12.9552726909317,21.037519685039));
#2210=CARTESIAN_POINT('',(29.2101849769392,12.0242953818634,21.037519685039));
#2211=CARTESIAN_POINT('Origin',(27.8245443308841,11.2242953818634,21.037519685039));
#2212=CARTESIAN_POINT('',(15.137272165442,3.89929538186345,21.037519685039));
#2213=CARTESIAN_POINT('Origin',(-0.819586614172975,-13.234586614173,21.037519685039));
#2214=CARTESIAN_POINT('',(0.630413385827021,-13.234586614173,21.037519685039));
#2215=CARTESIAN_POINT('',(-0.819586614172975,-13.234586614173,21.037519685039));
#2216=CARTESIAN_POINT('',(0.277706692913514,-13.234586614173,21.037519685039));
#2217=CARTESIAN_POINT('',(0.630413385827021,-13.234586614173,21.037519685039));
#2218=CARTESIAN_POINT('',(-0.819586614172975,-13.234586614173,21.037519685039));
#2219=CARTESIAN_POINT('Origin',(-0.819586614172975,-11.634586614173,21.037519685039));
#2220=CARTESIAN_POINT('',(-0.819586614172975,-11.634586614173,21.037519685039));
#2221=CARTESIAN_POINT('',(-0.819586614172975,-6.59916830708649,21.037519685039));
#2222=CARTESIAN_POINT('',(-0.819586614172975,-11.634586614173,21.037519685039));
#2223=CARTESIAN_POINT('Origin',(0.630413385827021,-11.634586614173,21.037519685039));
#2224=CARTESIAN_POINT('',(0.630413385827021,-11.634586614173,21.037519685039));
#2225=CARTESIAN_POINT('',(1.00270669291351,-11.634586614173,21.037519685039));
#2226=CARTESIAN_POINT('',(0.630413385827021,-11.634586614173,21.037519685039));
#2227=CARTESIAN_POINT('Origin',(0.630413385827021,-10.284586614173,21.037519685039));
#2228=CARTESIAN_POINT('',(0.630413385827021,-10.284586614173,21.037519685039));
#2229=CARTESIAN_POINT('',(0.630413385827021,-5.92416830708649,21.037519685039));
#2230=CARTESIAN_POINT('',(0.630413385827021,-10.284586614173,21.037519685039));
#2231=CARTESIAN_POINT('Origin',(2.03041338582703,-10.284586614173,21.037519685039));
#2232=CARTESIAN_POINT('',(2.03041338582703,-10.284586614173,21.037519685039));
#2233=CARTESIAN_POINT('',(1.70270669291352,-10.284586614173,21.037519685039));
#2234=CARTESIAN_POINT('',(2.03041338582703,-10.284586614173,21.037519685039));
#2235=CARTESIAN_POINT('Origin',(2.03041338582703,-11.634586614173,21.037519685039));
#2236=CARTESIAN_POINT('',(2.03041338582703,-11.634586614173,21.037519685039));
#2237=CARTESIAN_POINT('',(2.03041338582703,-6.59916830708649,21.037519685039));
#2238=CARTESIAN_POINT('',(2.03041338582703,-11.634586614173,21.037519685039));
#2239=CARTESIAN_POINT('Origin',(3.48041338582703,-11.634586614173,21.037519685039));
#2240=CARTESIAN_POINT('',(3.48041338582703,-11.634586614173,21.037519685039));
#2241=CARTESIAN_POINT('',(2.42770669291352,-11.634586614173,21.037519685039));
#2242=CARTESIAN_POINT('',(3.48041338582703,-11.634586614173,21.037519685039));
#2243=CARTESIAN_POINT('Origin',(3.48041338582703,-13.234586614173,21.037519685039));
#2244=CARTESIAN_POINT('',(3.48041338582703,-13.234586614173,21.037519685039));
#2245=CARTESIAN_POINT('',(3.48041338582703,-7.39916830708649,21.037519685039));
#2246=CARTESIAN_POINT('',(3.48041338582703,-13.234586614173,21.037519685039));
#2247=CARTESIAN_POINT('Origin',(2.03041338582703,-13.234586614173,21.037519685039));
#2248=CARTESIAN_POINT('',(2.03041338582703,-13.234586614173,21.037519685039));
#2249=CARTESIAN_POINT('',(1.70270669291352,-13.234586614173,21.037519685039));
#2250=CARTESIAN_POINT('',(2.03041338582703,-13.234586614173,21.037519685039));
#2251=CARTESIAN_POINT('Origin',(2.03041338582703,-14.584586614173,21.037519685039));
#2252=CARTESIAN_POINT('',(2.03041338582703,-14.584586614173,21.037519685039));
#2253=CARTESIAN_POINT('',(2.03041338582703,-8.07416830708649,21.037519685039));
#2254=CARTESIAN_POINT('',(2.03041338582703,-14.584586614173,21.037519685039));
#2255=CARTESIAN_POINT('Origin',(0.630413385827021,-14.584586614173,21.037519685039));
#2256=CARTESIAN_POINT('',(0.630413385827021,-14.584586614173,21.037519685039));
#2257=CARTESIAN_POINT('',(1.00270669291351,-14.584586614173,21.037519685039));
#2258=CARTESIAN_POINT('',(0.630413385827021,-14.584586614173,21.037519685039));
#2259=CARTESIAN_POINT('Origin',(0.630413385827021,-13.234586614173,21.037519685039));
#2260=CARTESIAN_POINT('',(0.630413385827021,-7.39916830708649,21.037519685039));
#2261=CARTESIAN_POINT('Origin',(-25.074544330884,11.2242953818635,21.037519685039));
#2262=CARTESIAN_POINT('',(-24.349544330884,12.4800322173509,21.037519685039));
#2263=CARTESIAN_POINT('',(-25.074544330884,11.2242953818635,21.037519685039));
#2264=CARTESIAN_POINT('',(-24.537044330884,12.1552726909317,21.037519685039));
#2265=CARTESIAN_POINT('',(-24.349544330884,12.4800322173509,21.037519685039));
#2266=CARTESIAN_POINT('',(-25.074544330884,11.2242953818635,21.037519685039));
#2267=CARTESIAN_POINT('Origin',(-26.4601849769392,12.0242953818635,21.037519685039));
#2268=CARTESIAN_POINT('',(-26.4601849769392,12.0242953818635,21.037519685039));
#2269=CARTESIAN_POINT('',(-13.0800924884696,4.29929538186348,21.037519685039));
#2270=CARTESIAN_POINT('',(-26.4601849769392,12.0242953818635,21.037519685039));
#2271=CARTESIAN_POINT('Origin',(-25.7351849769392,13.2800322173509,21.037519685039));
#2272=CARTESIAN_POINT('',(-25.7351849769392,13.2800322173509,21.037519685039));
#2273=CARTESIAN_POINT('',(-25.5601849769391,13.5831411086755,21.037519685039));
#2274=CARTESIAN_POINT('',(-25.7351849769392,13.2800322173509,21.037519685039));
#2275=CARTESIAN_POINT('Origin',(-26.9043192720481,13.9550322173509,21.037519685039));
#2276=CARTESIAN_POINT('',(-26.9043192720481,13.9550322173509,21.037519685039));
#2277=CARTESIAN_POINT('',(-12.9396596360241,5.89253221735085,21.037519685039));
#2278=CARTESIAN_POINT('',(-26.9043192720481,13.9550322173509,21.037519685039));
#2279=CARTESIAN_POINT('Origin',(-26.2043192720481,15.1674677826491,21.037519685039));
#2280=CARTESIAN_POINT('',(-26.2043192720481,15.1674677826491,21.037519685039));
#2281=CARTESIAN_POINT('',(-26.3793192720481,14.8643588913245,21.037519685039));
#2282=CARTESIAN_POINT('',(-26.2043192720481,15.1674677826491,21.037519685039));
#2283=CARTESIAN_POINT('Origin',(-25.0351849769391,14.4924677826491,21.037519685039));
#2284=CARTESIAN_POINT('',(-25.0351849769391,14.4924677826491,21.037519685039));
#2285=CARTESIAN_POINT('',(-11.6550924884696,6.76746778264909,21.037519685039));
#2286=CARTESIAN_POINT('',(-25.0351849769391,14.4924677826491,21.037519685039));
#2287=CARTESIAN_POINT('Origin',(-24.3101849769392,15.7482046181365,21.037519685039));
#2288=CARTESIAN_POINT('',(-24.3101849769392,15.7482046181365,21.037519685039));
#2289=CARTESIAN_POINT('',(-24.8476849769392,14.8172273090683,21.037519685039));
#2290=CARTESIAN_POINT('',(-24.3101849769392,15.7482046181365,21.037519685039));
#2291=CARTESIAN_POINT('Origin',(-22.924544330884,14.9482046181365,21.037519685039));
#2292=CARTESIAN_POINT('',(-22.924544330884,14.9482046181365,21.037519685039));
#2293=CARTESIAN_POINT('',(-10.237272165442,7.62320461813657,21.037519685039));
#2294=CARTESIAN_POINT('',(-22.924544330884,14.9482046181365,21.037519685039));
#2295=CARTESIAN_POINT('Origin',(-23.649544330884,13.6924677826491,21.037519685039));
#2296=CARTESIAN_POINT('',(-23.649544330884,13.6924677826491,21.037519685039));
#2297=CARTESIAN_POINT('',(-23.824544330884,13.3893588913245,21.037519685039));
#2298=CARTESIAN_POINT('',(-23.649544330884,13.6924677826491,21.037519685039));
#2299=CARTESIAN_POINT('Origin',(-22.4804100357751,13.0174677826491,21.037519685039));
#2300=CARTESIAN_POINT('',(-22.4804100357751,13.0174677826491,21.037519685039));
#2301=CARTESIAN_POINT('',(-10.3777050178875,6.02996778264911,21.037519685039));
#2302=CARTESIAN_POINT('',(-22.4804100357751,13.0174677826491,21.037519685039));
#2303=CARTESIAN_POINT('Origin',(-23.1804100357751,11.8050322173509,21.037519685039));
#2304=CARTESIAN_POINT('',(-23.1804100357751,11.8050322173509,21.037519685039));
#2305=CARTESIAN_POINT('',(-23.0054100357751,12.1081411086754,21.037519685039));
#2306=CARTESIAN_POINT('',(-23.1804100357751,11.8050322173509,21.037519685039));
#2307=CARTESIAN_POINT('Origin',(-24.349544330884,12.4800322173509,21.037519685039));
#2308=CARTESIAN_POINT('',(-11.662272165442,5.15503221735089,21.037519685039));
#2309=CARTESIAN_POINT('Origin',(1.375,-1.56375000000001,21.037519685039));
#2310=CARTESIAN_POINT('Origin',(1.375,-1.56375000000001,21.037519685039));
#2311=CARTESIAN_POINT('Origin',(1.375,-1.56375000000001,21.037519685039));
#2312=CARTESIAN_POINT('Origin',(1.375,-1.56375000000001,21.037519685039));
#2313=UNCERTAINTY_MEASURE_WITH_UNIT(LENGTH_MEASURE(0.01),#2317,
'DISTANCE_ACCURACY_VALUE',
'Maximum model space distance between geometric entities at asserted c
onnectivities');
#2314=UNCERTAINTY_MEASURE_WITH_UNIT(LENGTH_MEASURE(0.01),#2317,
'DISTANCE_ACCURACY_VALUE',
'Maximum model space distance between geometric entities at asserted c
onnectivities');
#2315=(
GEOMETRIC_REPRESENTATION_CONTEXT(3)
GLOBAL_UNCERTAINTY_ASSIGNED_CONTEXT((#2313))
GLOBAL_UNIT_ASSIGNED_CONTEXT((#2317,#2318,#2319))
REPRESENTATION_CONTEXT('','3D')
);
#2316=(
GEOMETRIC_REPRESENTATION_CONTEXT(3)
GLOBAL_UNCERTAINTY_ASSIGNED_CONTEXT((#2314))
GLOBAL_UNIT_ASSIGNED_CONTEXT((#2317,#2318,#2319))
REPRESENTATION_CONTEXT('','3D')
);
#2317=(
LENGTH_UNIT()
NAMED_UNIT(*)
SI_UNIT(.MILLI.,.METRE.)
);
#2318=(
NAMED_UNIT(*)
PLANE_ANGLE_UNIT()
SI_UNIT($,.RADIAN.)
);
#2319=(
NAMED_UNIT(*)
SI_UNIT($,.STERADIAN.)
SOLID_ANGLE_UNIT()
);
#2320=SHAPE_DEFINITION_REPRESENTATION(#2321,#2322);
#2321=PRODUCT_DEFINITION_SHAPE('',$,#2324);
#2322=SHAPE_REPRESENTATION('',(#1463),#2315);
#2323=PRODUCT_DEFINITION_CONTEXT('part definition',#2328,'design');
#2324=PRODUCT_DEFINITION('1x1 1','Drink! v10',#2325,#2323);
#2325=PRODUCT_DEFINITION_FORMATION('',$,#2330);
#2326=PRODUCT_RELATED_PRODUCT_CATEGORY('Drink! v10','Drink! v10',(#2330));
#2327=APPLICATION_PROTOCOL_DEFINITION('international standard',
'automotive_design',2009,#2328);
#2328=APPLICATION_CONTEXT(
'Core Data for Automotive Mechanical Design Process');
#2329=PRODUCT_CONTEXT('part definition',#2328,'mechanical');
#2330=PRODUCT('1x1 1','Drink! v10','KiCad electronic assembly',(#2329));
#2331=PRESENTATION_STYLE_ASSIGNMENT((#2340));
#2332=PRESENTATION_STYLE_ASSIGNMENT((#2341));
#2333=PRESENTATION_STYLE_ASSIGNMENT((#2342));
#2334=PRESENTATION_STYLE_ASSIGNMENT((#2343));
#2335=PRESENTATION_STYLE_ASSIGNMENT((#2344));
#2336=PRESENTATION_STYLE_ASSIGNMENT((#2345));
#2337=PRESENTATION_STYLE_ASSIGNMENT((#2346));
#2338=PRESENTATION_STYLE_ASSIGNMENT((#2347));
#2339=PRESENTATION_STYLE_ASSIGNMENT((#2348));
#2340=SURFACE_STYLE_USAGE(.BOTH.,#2349);
#2341=SURFACE_STYLE_USAGE(.BOTH.,#2350);
#2342=SURFACE_STYLE_USAGE(.BOTH.,#2351);
#2343=SURFACE_STYLE_USAGE(.BOTH.,#2352);
#2344=SURFACE_STYLE_USAGE(.BOTH.,#2353);
#2345=SURFACE_STYLE_USAGE(.BOTH.,#2354);
#2346=SURFACE_STYLE_USAGE(.BOTH.,#2355);
#2347=SURFACE_STYLE_USAGE(.BOTH.,#2356);
#2348=SURFACE_STYLE_USAGE(.BOTH.,#2357);
#2349=SURFACE_SIDE_STYLE('',(#2358));
#2350=SURFACE_SIDE_STYLE('',(#2359));
#2351=SURFACE_SIDE_STYLE('',(#2360));
#2352=SURFACE_SIDE_STYLE('',(#2361));
#2353=SURFACE_SIDE_STYLE('',(#2362));
#2354=SURFACE_SIDE_STYLE('',(#2363));
#2355=SURFACE_SIDE_STYLE('',(#2364));
#2356=SURFACE_SIDE_STYLE('',(#2365));
#2357=SURFACE_SIDE_STYLE('',(#2366));
#2358=SURFACE_STYLE_FILL_AREA(#2367);
#2359=SURFACE_STYLE_FILL_AREA(#2368);
#2360=SURFACE_STYLE_FILL_AREA(#2369);
#2361=SURFACE_STYLE_FILL_AREA(#2370);
#2362=SURFACE_STYLE_FILL_AREA(#2371);
#2363=SURFACE_STYLE_FILL_AREA(#2372);
#2364=SURFACE_STYLE_FILL_AREA(#2373);
#2365=SURFACE_STYLE_FILL_AREA(#2374);
#2366=SURFACE_STYLE_FILL_AREA(#2375);
#2367=FILL_AREA_STYLE('Steel - Satin',(#2376));
#2368=FILL_AREA_STYLE('Paint - Enamel Glossy (White)',(#2377));
#2369=FILL_AREA_STYLE('ABS (White)',(#2378));
#2370=FILL_AREA_STYLE('ABS (White)',(#2379));
#2371=FILL_AREA_STYLE('Opaque(25,25,25)',(#2380));
#2372=FILL_AREA_STYLE('Opaque(255,255,255)',(#2381));
#2373=FILL_AREA_STYLE('Opaque(219,188,126)',(#2382));
#2374=FILL_AREA_STYLE('Opaque(136,60,0)',(#2383));
#2375=FILL_AREA_STYLE('Opaque(210,209,199)',(#2384));
#2376=FILL_AREA_STYLE_COLOUR('Steel - Satin',#2385);
#2377=FILL_AREA_STYLE_COLOUR('Paint - Enamel Glossy (White)',#2386);
#2378=FILL_AREA_STYLE_COLOUR('ABS (White)',#2387);
#2379=FILL_AREA_STYLE_COLOUR('ABS (White)',#2388);
#2380=FILL_AREA_STYLE_COLOUR('Opaque(25,25,25)',#2389);
#2381=FILL_AREA_STYLE_COLOUR('Opaque(255,255,255)',#2390);
#2382=FILL_AREA_STYLE_COLOUR('Opaque(219,188,126)',#2391);
#2383=FILL_AREA_STYLE_COLOUR('Opaque(136,60,0)',#2392);
#2384=FILL_AREA_STYLE_COLOUR('Opaque(210,209,199)',#2393);
#2385=COLOUR_RGB('Steel - Satin',0.627450980392157,0.627450980392157,0.627450980392157);
#2386=COLOUR_RGB('Paint - Enamel Glossy (White)',0.964705882352941,0.964705882352941,
0.952941176470588);
#2387=COLOUR_RGB('ABS (White)',0.72156862745098,0.454901960784314,0.168627450980392);
#2388=COLOUR_RGB('ABS (White)',0.274509803921569,0.796078431372549,0.823529411764706);
#2389=COLOUR_RGB('Opaque(25,25,25)',0.0980392156862745,0.0980392156862745,
0.0980392156862745);
#2390=COLOUR_RGB('Opaque(255,255,255)',1.,1.,1.);
#2391=COLOUR_RGB('Opaque(219,188,126)',0.858823529411765,0.737254901960784,
0.494117647058824);
#2392=COLOUR_RGB('Opaque(136,60,0)',0.533333333333333,0.235294117647059,
0.);
#2393=COLOUR_RGB('Opaque(210,209,199)',0.823529411764706,0.819607843137255,
0.780392156862745);
ENDSEC;
END-ISO-10303-21;
